gw1n1-000,GW1N-LV1CS30C6/I5,GW1N,GW1N-1,WLCSP30,LV,C6/I5,6,24,1152,864,,72Kb,96Kb,,1,
gw1n1-001,GW1N-LV1CS30C5/I4,GW1N,GW1N-1,WLCSP30,LV,C5/I4,5,24,1152,864,,72Kb,96Kb,,1,
gw1n1-002,GW1N-LV1QN32C6/I5,GW1N,GW1N-1,QFN32,LV,C6/I5,6,26,1152,864,,72Kb,96Kb,,1,
gw1n1-003,GW1N-LV1QN32C5/I4,GW1N,GW1N-1,QFN32,LV,C5/I4,5,26,1152,864,,72Kb,96Kb,,1,
gw1n1-004,GW1N-LV1QN48C6/I5,GW1N,GW1N-1,QFN48,LV,C6/I5,6,41,1152,864,,72Kb,96Kb,,1,
gw1n1-005,GW1N-LV1QN48C5/I4,GW1N,GW1N-1,QFN48,LV,C5/I4,5,41,1152,864,,72Kb,96Kb,,1,
gw1n1-010,GW1N-LV1LQ100C6/I5,GW1N,GW1N-1,LQFP100,LV,C6/I5,6,80,1152,864,,72Kb,96Kb,,1,
gw1n1-011,GW1N-LV1LQ100C5/I4,GW1N,GW1N-1,LQFP100,LV,C5/I4,5,80,1152,864,,72Kb,96Kb,,1,
gw1n1-012,GW1N-LV1LQ144C6/I5,GW1N,GW1N-1,LQFP144,LV,C6/I5,6,117,1152,864,,72Kb,96Kb,,1,
gw1n1-013,GW1N-LV1LQ144C5/I4,GW1N,GW1N-1,LQFP144,LV,C5/I4,5,117,1152,864,,72Kb,96Kb,,1,
gw1n1-014,GW1N-LV1LQ100XC6/I5,GW1N,GW1N-1,LQFP100X,LV,C6/I5,6,80,1152,864,,72Kb,96Kb,,1,LQFP100X-LV
gw1n1-015,GW1N-LV1LQ100XC5/I4,GW1N,GW1N-1,LQFP100X,LV,C5/I4,5,80,1152,864,,72Kb,96Kb,,1,LQFP100X-LV
gw1n1-016,GW1N-UV1LQ100XC6/I5,GW1N,GW1N-1,LQFP100X,UV,C6/I5,6,80,1152,864,,72Kb,96Kb,,1,LQFP100X-UV
gw1n1-017,GW1N-UV1LQ100XC5/I4,GW1N,GW1N-1,LQFP100X,UV,C5/I4,5,80,1152,864,,72Kb,96Kb,,1,LQFP100X-UV
gw1nr1-000,GW1NR-LV1FN32GC6/I5,GW1NR,GW1NR-1,QFN32G,LV,C6/I5,6,27,1152,864,,72Kb,96Kb,,1,
gw1nr1-001,GW1NR-LV1FN32GC5/I4,GW1NR,GW1NR-1,QFN32G,LV,C5/I4,5,27,1152,864,,72Kb,96Kb,,1,
gw1nr1-002,GW1NR-LV1FN32GES,GW1NR,GW1NR-1,QFN32G,LV,ES,5,27,1152,864,,72Kb,96Kb,,1,
gw1n2-000,GW1N-LV2LQ100XC7/I6,GW1N,GW1N-2,LQFP100X,LV,C7/I6,7,81,2304,2016,18432bit,72Kb,256Kb,,1,LQFP100X-LV
gw1n2-001,GW1N-UV2LQ100XC7/I6,GW1N,GW1N-2,LQFP100X,UV,C7/I6,7,81,2304,2016,18432bit,72Kb,256Kb,,1,LQFP100X-UV
gw1n2-002,GW1N-LV2LQ144XC7/I6,GW1N,GW1N-2,LQFP144X,LV,C7/I6,7,114,2304,2016,18432bit,72Kb,256Kb,,1,LQFP144X-LV
gw1n2-003,GW1N-UV2LQ144XC7/I6,GW1N,GW1N-2,LQFP144X,UV,C7/I6,7,114,2304,2016,18432bit,72Kb,256Kb,,1,LQFP144X-UV
gw1n2-004,GW1N-LV2CS42C7/I6,GW1N,GW1N-2,WLCSP42,LV,C7/I6,7,25,2304,2016,18432bit,72Kb,256Kb,,1,
gw1n2-005,GW1N-LV2MG132XC7/I6,GW1N,GW1N-2,MBGA132X,LV,C7/I6,7,105,2304,2016,18432bit,72Kb,256Kb,,1,MBGA132X-LV
gw1n2-006,GW1N-UV2MG132XC7/I6,GW1N,GW1N-2,MBGA132X,UV,C7/I6,7,105,2304,2016,18432bit,72Kb,256Kb,,1,MBGA132X-UV
gw1n2-007,GW1N-LV2QN48C7/I6,GW1N,GW1N-2,QFN48,LV,C7/I6,7,41,2304,2016,18432bit,72Kb,256Kb,,1,
gw1n2-008,GW1N-UV2QN48C7/I6,GW1N,GW1N-2,QFN48,UV,C7/I6,7,41,2304,2016,18432bit,72Kb,256Kb,,1,
gw1n2-009,GW1N-LV2QN48MC7/I6,GW1N,GW1N-2,QFN48M,LV,C7/I6,7,31,2304,2016,18432bit,72Kb,256Kb,,1,
gw1n2-010,GW1N-LV2LQ100XC6/I5,GW1N,GW1N-2,LQFP100X,LV,C6/I5,6,81,2304,2016,18432bit,72Kb,256Kb,,1,LQFP100X-LV
gw1n2-011,GW1N-UV2LQ100XC6/I5,GW1N,GW1N-2,LQFP100X,UV,C6/I5,6,81,2304,2016,18432bit,72Kb,256Kb,,1,LQFP100X-UV
gw1n2-012,GW1N-LV2LQ144XC6/I5,GW1N,GW1N-2,LQFP144X,LV,C6/I5,6,114,2304,2016,18432bit,72Kb,256Kb,,1,LQFP144X-LV
gw1n2-013,GW1N-UV2LQ144XC6/I5,GW1N,GW1N-2,LQFP144X,UV,C6/I5,6,114,2304,2016,18432bit,72Kb,256Kb,,1,LQFP144X-UV
gw1n2-014,GW1N-LV2CS42C6/I5,GW1N,GW1N-2,WLCSP42,LV,C6/I5,6,25,2304,2016,18432bit,72Kb,256Kb,,1,
gw1n2-015,GW1N-LV2MG132XC6/I5,GW1N,GW1N-2,MBGA132X,LV,C6/I5,6,105,2304,2016,18432bit,72Kb,256Kb,,1,MBGA132X-LV
gw1n2-016,GW1N-UV2MG132XC6/I5,GW1N,GW1N-2,MBGA132X,UV,C6/I5,6,105,2304,2016,18432bit,72Kb,256Kb,,1,MBGA132X-UV
gw1n2-017,GW1N-LV2MG132C6/I5,GW1N,GW1N-2,MBGA132,LV,C6/I5,6,95,2304,2016,18432bit,72Kb,256Kb,,1,
gw1n2-018,GW1N-UV2MG132C6/I5,GW1N,GW1N-2,MBGA132,UV,C6/I5,6,95,2304,2016,18432bit,72Kb,256Kb,,1,
gw1n2-019,GW1N-LV2QN48C6/I5,GW1N,GW1N-2,QFN48,LV,C6/I5,6,41,2304,2016,18432bit,72Kb,256Kb,,1,
gw1n2-020,GW1N-UV2QN48C6/I5,GW1N,GW1N-2,QFN48,UV,C6/I5,6,41,2304,2016,18432bit,72Kb,256Kb,,1,
gw1n2-021,GW1N-LV2QN48MC6/I5,GW1N,GW1N-2,QFN48M,LV,C6/I5,6,31,2304,2016,18432bit,72Kb,256Kb,,1,
gw1n2-022,GW1N-LV2QN48EC7/I6,GW1N,GW1N-2,QFN48E,LV,C7/I6,7,27,2304,2016,18432bit,72Kb,256Kb,,1,
gw1n2-023,GW1N-LV2MG132C7/I6,GW1N,GW1N-2,MBGA132,LV,C7/I6,7,95,2304,2016,18432bit,72Kb,256Kb,,1,
gw1n2-024,GW1N-UV2MG132C7/I6,GW1N,GW1N-2,MBGA132,UV,C7/I6,7,95,2304,2016,18432bit,72Kb,256Kb,,1,
gw1n2-025,GW1N-LV2QN48EC6/I5,GW1N,GW1N-2,QFN48E,LV,C6/I5,6,27,2304,2016,18432bit,72Kb,256Kb,,1,
gw1nr2-000,GW1NR-LV2MG49PC7/I6,GW1NR,GW1NR-2,MBGA49P,LV,C7/I6,7,30,2304,2016,18432bit,72Kb,256Kb,,1,
gw1nr2-001,GW1NR-UV2MG49PC7/I6,GW1NR,GW1NR-2,MBGA49P,UV,C7/I6,7,30,2304,2016,18432bit,72Kb,256Kb,,1,
gw1nr2-002,GW1NR-LV2MG49PGC7/I6,GW1NR,GW1NR-2,MBGA49PG,LV,C7/I6,7,30,2304,2016,18432bit,72Kb,256Kb,,1,
gw1nr2-003,GW1NR-UV2MG49PGC7/I6,GW1NR,GW1NR-2,MBGA49PG,UV,C7/I6,7,30,2304,2016,18432bit,72Kb,256Kb,,1,
gw1nr2-004,GW1NR-LV2MG49GC7/I6,GW1NR,GW1NR-2,MBGA49G,LV,C7/I6,7,30,2304,2016,18432bit,72Kb,256Kb,,1,
gw1nr2-005,GW1NR-UV2MG49GC7/I6,GW1NR,GW1NR-2,MBGA49G,UV,C7/I6,7,30,2304,2016,18432bit,72Kb,256Kb,,1,
gw1nr2-006,GW1NR-LV2MG49PC6/I5,GW1NR,GW1NR-2,MBGA49P,LV,C6/I5,6,30,2304,2016,18432bit,72Kb,256Kb,,1,
gw1nr2-007,GW1NR-UV2MG49PC6/I5,GW1NR,GW1NR-2,MBGA49P,UV,C6/I5,6,30,2304,2016,18432bit,72Kb,256Kb,,1,
gw1nr2-008,GW1NR-LV2MG49PGC6/I5,GW1NR,GW1NR-2,MBGA49PG,LV,C6/I5,6,30,2304,2016,18432bit,72Kb,256Kb,,1,
gw1nr2-009,GW1NR-UV2MG49PGC6/I5,GW1NR,GW1NR-2,MBGA49PG,UV,C6/I5,6,30,2304,2016,18432bit,72Kb,256Kb,,1,
gw1nr2-010,GW1NR-UV2MG49GC6/I5,GW1NR,GW1NR-2,MBGA49G,UV,C6/I5,6,30,2304,2016,18432bit,72Kb,256Kb,,1,
gw1nzr2-000,GW1NZR-LV2QN48PC6/I5,GW1NZR,GW1NZR-2,QFN48P,LV,C6/I5,6,30,2304,2016,18432bit,72Kb,256Kb,,1,
gw1n4-000,GW1N-LV4QN32C6/I5,GW1N,GW1N-4,QFN32,LV,C6/I5,6,24,4608,3456,,180Kb,256Kb,16,2,
gw1n4-001,GW1N-LV4QN32C5/I4,GW1N,GW1N-4,QFN32,LV,C5/I4,5,24,4608,3456,,180Kb,256Kb,16,2,
gw1n4-002,GW1N-LV4QN48C6/I5,GW1N,GW1N-4,QFN48,LV,C6/I5,6,41,4608,3456,,180Kb,256Kb,16,2,
gw1n4-003,GW1N-LV4QN48C5/I4,GW1N,GW1N-4,QFN48,LV,C5/I4,5,41,4608,3456,,180Kb,256Kb,16,2,
gw1n4-004,GW1N-LV4QN88C6/I5,GW1N,GW1N-4,QFN88,LV,C6/I5,6,71,4608,3456,,180Kb,256Kb,16,2,
gw1n4-005,GW1N-LV4QN88C5/I4,GW1N,GW1N-4,QFN88,LV,C5/I4,5,71,4608,3456,,180Kb,256Kb,16,2,
gw1n4-006,GW1N-LV4QN88A4,GW1N,GW1N-4,QFN88,LV,A4,4,71,4608,3456,,180Kb,256Kb,16,2,
gw1n4-007,GW1N-LV4CS72C6/I5,GW1N,GW1N-4,WLCSP72,LV,C6/I5,6,58,4608,3456,,180Kb,256Kb,16,2,
gw1n4-008,GW1N-LV4CS72C5/I4,GW1N,GW1N-4,WLCSP72,LV,C5/I4,5,58,4608,3456,,180Kb,256Kb,16,2,
gw1n4-009,GW1N-LV4LQ100C6/I5,GW1N,GW1N-4,LQFP100,LV,C6/I5,6,80,4608,3456,,180Kb,256Kb,16,2,
gw1n4-010,GW1N-LV4LQ100C5/I4,GW1N,GW1N-4,LQFP100,LV,C5/I4,5,80,4608,3456,,180Kb,256Kb,16,2,
gw1n4-011,GW1N-LV4LQ144C6/I5,GW1N,GW1N-4,LQFP144,LV,C6/I5,6,120,4608,3456,,180Kb,256Kb,16,2,
gw1n4-012,GW1N-LV4LQ144C5/I4,GW1N,GW1N-4,LQFP144,LV,C5/I4,5,120,4608,3456,,180Kb,256Kb,16,2,
gw1n4-013,GW1N-LV4MG160C6/I5,GW1N,GW1N-4,MBGA160,LV,C6/I5,6,132,4608,3456,,180Kb,256Kb,16,2,
gw1n4-014,GW1N-LV4MG160C5/I4,GW1N,GW1N-4,MBGA160,LV,C5/I4,5,132,4608,3456,,180Kb,256Kb,16,2,
gw1n4-015,GW1N-LV4PG256C6/I5,GW1N,GW1N-4,PBGA256,LV,C6/I5,6,208,4608,3456,,180Kb,256Kb,16,2,
gw1n4-016,GW1N-LV4PG256C5/I4,GW1N,GW1N-4,PBGA256,LV,C5/I4,5,208,4608,3456,,180Kb,256Kb,16,2,
gw1n4-017,GW1N-LV4PG256MC6/I5,GW1N,GW1N-4,PBGA256M,LV,C6/I5,6,208,4608,3456,,180Kb,256Kb,16,2,
gw1n4-018,GW1N-LV4PG256MC5/I4,GW1N,GW1N-4,PBGA256M,LV,C5/I4,5,208,4608,3456,,180Kb,256Kb,16,2,
gw1n4-019,GW1N-UV4QN32C6/I5,GW1N,GW1N-4,QFN32,UV,C6/I5,6,24,4608,3456,,180Kb,256Kb,16,2,
gw1n4-020,GW1N-UV4QN32C5/I4,GW1N,GW1N-4,QFN32,UV,C5/I4,5,24,4608,3456,,180Kb,256Kb,16,2,
gw1n4-021,GW1N-UV4QN48C6/I5,GW1N,GW1N-4,QFN48,UV,C6/I5,6,41,4608,3456,,180Kb,256Kb,16,2,
gw1n4-022,GW1N-UV4QN48C5/I4,GW1N,GW1N-4,QFN48,UV,C5/I4,5,41,4608,3456,,180Kb,256Kb,16,2,
gw1n4-023,GW1N-UV4QN88C6/I5,GW1N,GW1N-4,QFN88,UV,C6/I5,6,71,4608,3456,,180Kb,256Kb,16,2,
gw1n4-024,GW1N-UV4QN88C5/I4,GW1N,GW1N-4,QFN88,UV,C5/I4,5,71,4608,3456,,180Kb,256Kb,16,2,
gw1n4-025,GW1N-UV4QN88A4,GW1N,GW1N-4,QFN88,UV,A4,4,71,4608,3456,,180Kb,256Kb,16,2,
gw1n4-026,GW1N-UV4CS72C6/I5,GW1N,GW1N-4,WLCSP72,UV,C6/I5,6,58,4608,3456,,180Kb,256Kb,16,2,
gw1n4-027,GW1N-UV4CS72C5/I4,GW1N,GW1N-4,WLCSP72,UV,C5/I4,5,58,4608,3456,,180Kb,256Kb,16,2,
gw1n4-028,GW1N-UV4LQ100C6/I5,GW1N,GW1N-4,LQFP100,UV,C6/I5,6,80,4608,3456,,180Kb,256Kb,16,2,
gw1n4-029,GW1N-UV4LQ100C5/I4,GW1N,GW1N-4,LQFP100,UV,C5/I4,5,80,4608,3456,,180Kb,256Kb,16,2,
gw1n4-030,GW1N-UV4LQ144C6/I5,GW1N,GW1N-4,LQFP144,UV,C6/I5,6,120,4608,3456,,180Kb,256Kb,16,2,
gw1n4-031,GW1N-UV4LQ144C5/I4,GW1N,GW1N-4,LQFP144,UV,C5/I4,5,120,4608,3456,,180Kb,256Kb,16,2,
gw1n4-032,GW1N-UV4MG160C6/I5,GW1N,GW1N-4,MBGA160,UV,C6/I5,6,132,4608,3456,,180Kb,256Kb,16,2,
gw1n4-033,GW1N-UV4MG160C5/I4,GW1N,GW1N-4,MBGA160,UV,C5/I4,5,132,4608,3456,,180Kb,256Kb,16,2,
gw1n4-034,GW1N-UV4PG256C6/I5,GW1N,GW1N-4,PBGA256,UV,C6/I5,6,208,4608,3456,,180Kb,256Kb,16,2,
gw1n4-035,GW1N-UV4PG256C5/I4,GW1N,GW1N-4,PBGA256,UV,C5/I4,5,208,4608,3456,,180Kb,256Kb,16,2,
gw1n4-036,GW1N-UV4PG256MC6/I5,GW1N,GW1N-4,PBGA256M,UV,C6/I5,6,208,4608,3456,,180Kb,256Kb,16,2,
gw1n4-037,GW1N-UV4PG256MC5/I4,GW1N,GW1N-4,PBGA256M,UV,C5/I4,5,208,4608,3456,,180Kb,256Kb,16,2,
gw1n4-038,GW1N-LV4PG256A4,GW1N,GW1N-4,PBGA256,LV,A4,4,208,4608,3456,,180Kb,256Kb,16,2,
gw1n4-039,GW1N-UV4PG256A4,GW1N,GW1N-4,PBGA256,UV,A4,4,208,4608,3456,,180Kb,256Kb,16,2,
gw1n4b-000,GW1N-LV4QN32C6/I5,GW1N,GW1N-4B,QFN32,LV,C6/I5,6,24,4608,3456,,180Kb,256Kb,16,2,
gw1n4b-001,GW1N-LV4QN32C5/I4,GW1N,GW1N-4B,QFN32,LV,C5/I4,5,24,4608,3456,,180Kb,256Kb,16,2,
gw1n4b-002,GW1N-LV4QN48C6/I5,GW1N,GW1N-4B,QFN48,LV,C6/I5,6,41,4608,3456,,180Kb,256Kb,16,2,
gw1n4b-003,GW1N-LV4QN48C5/I4,GW1N,GW1N-4B,QFN48,LV,C5/I4,5,41,4608,3456,,180Kb,256Kb,16,2,
gw1n4b-004,GW1N-LV4QN88C6/I5,GW1N,GW1N-4B,QFN88,LV,C6/I5,6,71,4608,3456,,180Kb,256Kb,16,2,
gw1n4b-005,GW1N-LV4QN88C5/I4,GW1N,GW1N-4B,QFN88,LV,C5/I4,5,71,4608,3456,,180Kb,256Kb,16,2,
gw1n4b-006,GW1N-LV4QN88A4,GW1N,GW1N-4B,QFN88,LV,A4,4,71,4608,3456,,180Kb,256Kb,16,2,
gw1n4b-007,GW1N-LV4CS72C6/I5,GW1N,GW1N-4B,WLCSP72,LV,C6/I5,6,58,4608,3456,,180Kb,256Kb,16,2,
gw1n4b-008,GW1N-LV4CS72C5/I4,GW1N,GW1N-4B,WLCSP72,LV,C5/I4,5,58,4608,3456,,180Kb,256Kb,16,2,
gw1n4b-009,GW1N-LV4LQ100C6/I5,GW1N,GW1N-4B,LQFP100,LV,C6/I5,6,80,4608,3456,,180Kb,256Kb,16,2,
gw1n4b-010,GW1N-LV4LQ100C5/I4,GW1N,GW1N-4B,LQFP100,LV,C5/I4,5,80,4608,3456,,180Kb,256Kb,16,2,
gw1n4b-011,GW1N-LV4LQ144C6/I5,GW1N,GW1N-4B,LQFP144,LV,C6/I5,6,120,4608,3456,,180Kb,256Kb,16,2,
gw1n4b-012,GW1N-LV4LQ144C5/I4,GW1N,GW1N-4B,LQFP144,LV,C5/I4,5,120,4608,3456,,180Kb,256Kb,16,2,
gw1n4b-013,GW1N-LV4MG160C6/I5,GW1N,GW1N-4B,MBGA160,LV,C6/I5,6,132,4608,3456,,180Kb,256Kb,16,2,
gw1n4b-014,GW1N-LV4MG160C5/I4,GW1N,GW1N-4B,MBGA160,LV,C5/I4,5,132,4608,3456,,180Kb,256Kb,16,2,
gw1n4b-015,GW1N-LV4PG256C6/I5,GW1N,GW1N-4B,PBGA256,LV,C6/I5,6,208,4608,3456,,180Kb,256Kb,16,2,
gw1n4b-016,GW1N-LV4PG256C5/I4,GW1N,GW1N-4B,PBGA256,LV,C5/I4,5,208,4608,3456,,180Kb,256Kb,16,2,
gw1n4b-017,GW1N-LV4PG256MC6/I5,GW1N,GW1N-4B,PBGA256M,LV,C6/I5,6,208,4608,3456,,180Kb,256Kb,16,2,
gw1n4b-018,GW1N-LV4PG256MC5/I4,GW1N,GW1N-4B,PBGA256M,LV,C5/I4,5,208,4608,3456,,180Kb,256Kb,16,2,
gw1n4b-019,GW1N-UV4QN32C6/I5,GW1N,GW1N-4B,QFN32,UV,C6/I5,6,24,4608,3456,,180Kb,256Kb,16,2,
gw1n4b-020,GW1N-UV4QN32C5/I4,GW1N,GW1N-4B,QFN32,UV,C5/I4,5,24,4608,3456,,180Kb,256Kb,16,2,
gw1n4b-021,GW1N-UV4QN48C6/I5,GW1N,GW1N-4B,QFN48,UV,C6/I5,6,41,4608,3456,,180Kb,256Kb,16,2,
gw1n4b-022,GW1N-UV4QN48C5/I4,GW1N,GW1N-4B,QFN48,UV,C5/I4,5,41,4608,3456,,180Kb,256Kb,16,2,
gw1n4b-023,GW1N-UV4QN88C6/I5,GW1N,GW1N-4B,QFN88,UV,C6/I5,6,71,4608,3456,,180Kb,256Kb,16,2,
gw1n4b-024,GW1N-UV4QN88C5/I4,GW1N,GW1N-4B,QFN88,UV,C5/I4,5,71,4608,3456,,180Kb,256Kb,16,2,
gw1n4b-025,GW1N-UV4QN88A4,GW1N,GW1N-4B,QFN88,UV,A4,4,71,4608,3456,,180Kb,256Kb,16,2,
gw1n4b-026,GW1N-UV4CS72C6/I5,GW1N,GW1N-4B,WLCSP72,UV,C6/I5,6,58,4608,3456,,180Kb,256Kb,16,2,
gw1n4b-027,GW1N-UV4CS72C5/I4,GW1N,GW1N-4B,WLCSP72,UV,C5/I4,5,58,4608,3456,,180Kb,256Kb,16,2,
gw1n4b-028,GW1N-UV4LQ100C6/I5,GW1N,GW1N-4B,LQFP100,UV,C6/I5,6,80,4608,3456,,180Kb,256Kb,16,2,
gw1n4b-029,GW1N-UV4LQ100C5/I4,GW1N,GW1N-4B,LQFP100,UV,C5/I4,5,80,4608,3456,,180Kb,256Kb,16,2,
gw1n4b-030,GW1N-UV4LQ144C6/I5,GW1N,GW1N-4B,LQFP144,UV,C6/I5,6,120,4608,3456,,180Kb,256Kb,16,2,
gw1n4b-031,GW1N-UV4LQ144C5/I4,GW1N,GW1N-4B,LQFP144,UV,C5/I4,5,120,4608,3456,,180Kb,256Kb,16,2,
gw1n4b-032,GW1N-UV4MG160C6/I5,GW1N,GW1N-4B,MBGA160,UV,C6/I5,6,132,4608,3456,,180Kb,256Kb,16,2,
gw1n4b-033,GW1N-UV4MG160C5/I4,GW1N,GW1N-4B,MBGA160,UV,C5/I4,5,132,4608,3456,,180Kb,256Kb,16,2,
gw1n4b-034,GW1N-UV4PG256C6/I5,GW1N,GW1N-4B,PBGA256,UV,C6/I5,6,208,4608,3456,,180Kb,256Kb,16,2,
gw1n4b-035,GW1N-UV4PG256C5/I4,GW1N,GW1N-4B,PBGA256,UV,C5/I4,5,208,4608,3456,,180Kb,256Kb,16,2,
gw1n4b-036,GW1N-UV4PG256MC6/I5,GW1N,GW1N-4B,PBGA256M,UV,C6/I5,6,208,4608,3456,,180Kb,256Kb,16,2,
gw1n4b-037,GW1N-UV4PG256MC5/I4,GW1N,GW1N-4B,PBGA256M,UV,C5/I4,5,208,4608,3456,,180Kb,256Kb,16,2,
gw1n4b-038,GW1N-UV4MG132XES,GW1N,GW1N-4B,MBGA132X,UV,ES,5,106,4608,3456,,180Kb,256Kb,16,2,
gw1n4b-039,GW1N-UV4MG132XC6/I5,GW1N,GW1N-4B,MBGA132X,UV,C6/I5,6,106,4608,3456,,180Kb,256Kb,16,2,
gw1n4b-040,GW1N-UV4MG132XC5/I4,GW1N,GW1N-4B,MBGA132X,UV,C5/I4,5,106,4608,3456,,180Kb,256Kb,16,2,
gw1n4b-041,GW1N-LV4MG132XES,GW1N,GW1N-4B,MBGA132X,LV,ES,5,106,4608,3456,,180Kb,256Kb,16,2,
gw1n4b-042,GW1N-LV4MG132XC6/I5,GW1N,GW1N-4B,MBGA132X,LV,C6/I5,6,106,4608,3456,,180Kb,256Kb,16,2,
gw1n4b-043,GW1N-LV4MG132XC5/I4,GW1N,GW1N-4B,MBGA132X,LV,C5/I4,5,106,4608,3456,,180Kb,256Kb,16,2,
gw1n4d-000,GW1N-LV4QN32C7/I6,GW1N,GW1N-4D,QFN32,LV,C7/I6,7,24,4608,3456,,180Kb,256Kb,16,2,
gw1n4d-001,GW1N-LV4QN32C6/I5,GW1N,GW1N-4D,QFN32,LV,C6/I5,6,24,4608,3456,,180Kb,256Kb,16,2,
gw1n4d-002,GW1N-LV4QN32C5/I4,GW1N,GW1N-4D,QFN32,LV,C5/I4,5,24,4608,3456,,180Kb,256Kb,16,2,
gw1n4d-003,GW1N-UV4QN32C7/I6,GW1N,GW1N-4D,QFN32,UV,C7/I6,7,24,4608,3456,,180Kb,256Kb,16,2,
gw1n4d-004,GW1N-UV4QN32C6/I5,GW1N,GW1N-4D,QFN32,UV,C6/I5,6,24,4608,3456,,180Kb,256Kb,16,2,
gw1n4d-005,GW1N-UV4QN32C5/I4,GW1N,GW1N-4D,QFN32,UV,C5/I4,5,24,4608,3456,,180Kb,256Kb,16,2,
gw1n4d-006,GW1N-LV4QN48C7/I6,GW1N,GW1N-4D,QFN48,LV,C7/I6,7,41,4608,3456,,180Kb,256Kb,16,2,
gw1n4d-007,GW1N-LV4QN48C6/I5,GW1N,GW1N-4D,QFN48,LV,C6/I5,6,41,4608,3456,,180Kb,256Kb,16,2,
gw1n4d-008,GW1N-LV4QN48C5/I4,GW1N,GW1N-4D,QFN48,LV,C5/I4,5,41,4608,3456,,180Kb,256Kb,16,2,
gw1n4d-009,GW1N-UV4QN48C7/I6,GW1N,GW1N-4D,QFN48,UV,C7/I6,7,41,4608,3456,,180Kb,256Kb,16,2,
gw1n4d-010,GW1N-UV4QN48C6/I5,GW1N,GW1N-4D,QFN48,UV,C6/I5,6,41,4608,3456,,180Kb,256Kb,16,2,
gw1n4d-011,GW1N-UV4QN48C5/I4,GW1N,GW1N-4D,QFN48,UV,C5/I4,5,41,4608,3456,,180Kb,256Kb,16,2,
gw1n4d-012,GW1N-LV4QN88C7/I6,GW1N,GW1N-4D,QFN88,LV,C7/I6,7,71,4608,3456,,180Kb,256Kb,16,2,
gw1n4d-013,GW1N-LV4QN88C6/I5,GW1N,GW1N-4D,QFN88,LV,C6/I5,6,71,4608,3456,,180Kb,256Kb,16,2,
gw1n4d-014,GW1N-LV4QN88C5/I4,GW1N,GW1N-4D,QFN88,LV,C5/I4,5,71,4608,3456,,180Kb,256Kb,16,2,
gw1n4d-015,GW1N-UV4QN88C7/I6,GW1N,GW1N-4D,QFN88,UV,C7/I6,7,71,4608,3456,,180Kb,256Kb,16,2,
gw1n4d-016,GW1N-UV4QN88C6/I5,GW1N,GW1N-4D,QFN88,UV,C6/I5,6,71,4608,3456,,180Kb,256Kb,16,2,
gw1n4d-017,GW1N-UV4QN88C5/I4,GW1N,GW1N-4D,QFN88,UV,C5/I4,5,71,4608,3456,,180Kb,256Kb,16,2,
gw1n4d-018,GW1N-UV4CS72C7/I6,GW1N,GW1N-4D,WLCSP72,UV,C7/I6,7,58,4608,3456,,180Kb,256Kb,16,2,
gw1n4d-019,GW1N-UV4CS72C6/I5,GW1N,GW1N-4D,WLCSP72,UV,C6/I5,6,58,4608,3456,,180Kb,256Kb,16,2,
gw1n4d-020,GW1N-UV4CS72C5/I4,GW1N,GW1N-4D,WLCSP72,UV,C5/I4,5,58,4608,3456,,180Kb,256Kb,16,2,
gw1n4d-021,GW1N-LV4CS72C7/I6,GW1N,GW1N-4D,WLCSP72,LV,C7/I6,7,58,4608,3456,,180Kb,256Kb,16,2,
gw1n4d-022,GW1N-LV4CS72C6/I5,GW1N,GW1N-4D,WLCSP72,LV,C6/I5,6,58,4608,3456,,180Kb,256Kb,16,2,
gw1n4d-023,GW1N-LV4CS72C5/I4,GW1N,GW1N-4D,WLCSP72,LV,C5/I4,5,58,4608,3456,,180Kb,256Kb,16,2,
gw1n4d-024,GW1N-UV4LQ100C7/I6,GW1N,GW1N-4D,LQFP100,UV,C7/I6,7,80,4608,3456,,180Kb,256Kb,16,2,
gw1n4d-025,GW1N-UV4LQ100C6/I5,GW1N,GW1N-4D,LQFP100,UV,C6/I5,6,80,4608,3456,,180Kb,256Kb,16,2,
gw1n4d-026,GW1N-UV4LQ100C5/I4,GW1N,GW1N-4D,LQFP100,UV,C5/I4,5,80,4608,3456,,180Kb,256Kb,16,2,
gw1n4d-027,GW1N-LV4LQ100C7/I6,GW1N,GW1N-4D,LQFP100,LV,C7/I6,7,80,4608,3456,,180Kb,256Kb,16,2,
gw1n4d-028,GW1N-LV4LQ100C6/I5,GW1N,GW1N-4D,LQFP100,LV,C6/I5,6,80,4608,3456,,180Kb,256Kb,16,2,
gw1n4d-029,GW1N-LV4LQ100C5/I4,GW1N,GW1N-4D,LQFP100,LV,C5/I4,5,80,4608,3456,,180Kb,256Kb,16,2,
gw1n4d-030,GW1N-UV4LQ144C7/I6,GW1N,GW1N-4D,LQFP144,UV,C7/I6,7,120,4608,3456,,180Kb,256Kb,16,2,
gw1n4d-031,GW1N-UV4LQ144C6/I5,GW1N,GW1N-4D,LQFP144,UV,C6/I5,6,120,4608,3456,,180Kb,256Kb,16,2,
gw1n4d-032,GW1N-UV4LQ144C5/I4,GW1N,GW1N-4D,LQFP144,UV,C5/I4,5,120,4608,3456,,180Kb,256Kb,16,2,
gw1n4d-033,GW1N-LV4LQ144C7/I6,GW1N,GW1N-4D,LQFP144,LV,C7/I6,7,120,4608,3456,,180Kb,256Kb,16,2,
gw1n4d-034,GW1N-LV4LQ144C6/I5,GW1N,GW1N-4D,LQFP144,LV,C6/I5,6,120,4608,3456,,180Kb,256Kb,16,2,
gw1n4d-035,GW1N-LV4LQ144C5/I4,GW1N,GW1N-4D,LQFP144,LV,C5/I4,5,120,4608,3456,,180Kb,256Kb,16,2,
gw1n4d-036,GW1N-LV4MG132XC7/I6,GW1N,GW1N-4D,MBGA132X,LV,C7/I6,7,106,4608,3456,,180Kb,256Kb,16,2,
gw1n4d-037,GW1N-LV4MG132XC6/I5,GW1N,GW1N-4D,MBGA132X,LV,C6/I5,6,106,4608,3456,,180Kb,256Kb,16,2,
gw1n4d-038,GW1N-LV4MG132XC5/I4,GW1N,GW1N-4D,MBGA132X,LV,C5/I4,5,106,4608,3456,,180Kb,256Kb,16,2,
gw1n4d-039,GW1N-UV4MG132XC7/I6,GW1N,GW1N-4D,MBGA132X,UV,C7/I6,7,106,4608,3456,,180Kb,256Kb,16,2,
gw1n4d-040,GW1N-UV4MG132XC6/I5,GW1N,GW1N-4D,MBGA132X,UV,C6/I5,6,106,4608,3456,,180Kb,256Kb,16,2,
gw1n4d-041,GW1N-UV4MG132XC5/I4,GW1N,GW1N-4D,MBGA132X,UV,C5/I4,5,106,4608,3456,,180Kb,256Kb,16,2,
gw1n4d-042,GW1N-UV4MG160C7/I6,GW1N,GW1N-4D,MBGA160,UV,C7/I6,7,132,4608,3456,,180Kb,256Kb,16,2,
gw1n4d-043,GW1N-UV4MG160C6/I5,GW1N,GW1N-4D,MBGA160,UV,C6/I5,6,132,4608,3456,,180Kb,256Kb,16,2,
gw1n4d-044,GW1N-UV4MG160C5/I4,GW1N,GW1N-4D,MBGA160,UV,C5/I4,5,132,4608,3456,,180Kb,256Kb,16,2,
gw1n4d-045,GW1N-LV4MG160C7/I6,GW1N,GW1N-4D,MBGA160,LV,C7/I6,7,132,4608,3456,,180Kb,256Kb,16,2,
gw1n4d-046,GW1N-LV4MG160C6/I5,GW1N,GW1N-4D,MBGA160,LV,C6/I5,6,132,4608,3456,,180Kb,256Kb,16,2,
gw1n4d-047,GW1N-LV4MG160C5/I4,GW1N,GW1N-4D,MBGA160,LV,C5/I4,5,132,4608,3456,,180Kb,256Kb,16,2,
gw1n4d-048,GW1N-UV4PG256C7/I6,GW1N,GW1N-4D,PBGA256,UV,C7/I6,7,208,4608,3456,,180Kb,256Kb,16,2,
gw1n4d-049,GW1N-UV4PG256C6/I5,GW1N,GW1N-4D,PBGA256,UV,C6/I5,6,208,4608,3456,,180Kb,256Kb,16,2,
gw1n4d-050,GW1N-UV4PG256C5/I4,GW1N,GW1N-4D,PBGA256,UV,C5/I4,5,208,4608,3456,,180Kb,256Kb,16,2,
gw1n4d-051,GW1N-LV4PG256C7/I6,GW1N,GW1N-4D,PBGA256,LV,C7/I6,7,208,4608,3456,,180Kb,256Kb,16,2,
gw1n4d-052,GW1N-LV4PG256C6/I5,GW1N,GW1N-4D,PBGA256,LV,C6/I5,6,208,4608,3456,,180Kb,256Kb,16,2,
gw1n4d-053,GW1N-LV4PG256C5/I4,GW1N,GW1N-4D,PBGA256,LV,C5/I4,5,208,4608,3456,,180Kb,256Kb,16,2,
gw1n4d-054,GW1N-LV4PG256MC7/I6,GW1N,GW1N-4D,PBGA256M,LV,C7/I6,7,208,4608,3456,,180Kb,256Kb,16,2,
gw1n4d-055,GW1N-LV4PG256MC6/I5,GW1N,GW1N-4D,PBGA256M,LV,C6/I5,6,208,4608,3456,,180Kb,256Kb,16,2,
gw1n4d-056,GW1N-LV4PG256MC5/I4,GW1N,GW1N-4D,PBGA256M,LV,C5/I4,5,208,4608,3456,,180Kb,256Kb,16,2,
gw1n4d-057,GW1N-UV4PG256MC7/I6,GW1N,GW1N-4D,PBGA256M,UV,C7/I6,7,208,4608,3456,,180Kb,256Kb,16,2,
gw1n4d-058,GW1N-UV4PG256MC6/I5,GW1N,GW1N-4D,PBGA256M,UV,C6/I5,6,208,4608,3456,,180Kb,256Kb,16,2,
gw1n4d-059,GW1N-UV4PG256MC5/I4,GW1N,GW1N-4D,PBGA256M,UV,C5/I4,5,208,4608,3456,,180Kb,256Kb,16,2,
gw1n4d-060,GW1N-LV4QN88A4,GW1N,GW1N-4D,QFN88,LV,A4,4,71,4608,3456,,180Kb,256Kb,16,2,
gw1n4d-061,GW1N-UV4QN88A4,GW1N,GW1N-4D,QFN88,UV,A4,4,71,4608,3456,,180Kb,256Kb,16,2,
gw1n9-000,GW1N-LV9QN48C6/I5,GW1N,GW1N-9,QFN48,LV,C6/I5,6,41,8640,6480,17280bit,468Kb,608Kb,20,2,
gw1n9-001,GW1N-LV9QN48C5/I4,GW1N,GW1N-9,QFN48,LV,C5/I4,5,41,8640,6480,17280bit,468Kb,608Kb,20,2,
gw1n9-002,GW1N-LV9CM64C6/I5,GW1N,GW1N-9,WLCSP64,LV,C6/I5,6,56,8640,6480,17280bit,468Kb,608Kb,20,2,
gw1n9-003,GW1N-LV9CM64C5/I4,GW1N,GW1N-9,WLCSP64,LV,C5/I4,5,56,8640,6480,17280bit,468Kb,608Kb,20,2,
gw1n9-004,GW1N-LV9QN88C6/I5,GW1N,GW1N-9,QFN88,LV,C6/I5,6,71,8640,6480,17280bit,468Kb,608Kb,20,2,
gw1n9-005,GW1N-LV9QN88C5/I4,GW1N,GW1N-9,QFN88,LV,C5/I4,5,71,8640,6480,17280bit,468Kb,608Kb,20,2,
gw1n9-006,GW1N-LV9LQ100C6/I5,GW1N,GW1N-9,LQFP100,LV,C6/I5,6,80,8640,6480,17280bit,468Kb,608Kb,20,2,
gw1n9-007,GW1N-LV9LQ100C5/I4,GW1N,GW1N-9,LQFP100,LV,C5/I4,5,80,8640,6480,17280bit,468Kb,608Kb,20,2,
gw1n9-008,GW1N-LV9LQ144C6/I5,GW1N,GW1N-9,LQFP144,LV,C6/I5,6,121,8640,6480,17280bit,468Kb,608Kb,20,2,
gw1n9-009,GW1N-LV9LQ144C5/I4,GW1N,GW1N-9,LQFP144,LV,C5/I4,5,121,8640,6480,17280bit,468Kb,608Kb,20,2,
gw1n9-010,GW1N-LV9LQ176C6/I5,GW1N,GW1N-9,LQFP176,LV,C6/I5,6,148,8640,6480,17280bit,468Kb,608Kb,20,2,
gw1n9-011,GW1N-LV9LQ176C5/I4,GW1N,GW1N-9,LQFP176,LV,C5/I4,5,148,8640,6480,17280bit,468Kb,608Kb,20,2,
gw1n9-012,GW1N-LV9MG160C6/I5,GW1N,GW1N-9,MBGA160,LV,C6/I5,6,132,8640,6480,17280bit,468Kb,608Kb,20,2,
gw1n9-013,GW1N-LV9MG160C5/I4,GW1N,GW1N-9,MBGA160,LV,C5/I4,5,132,8640,6480,17280bit,468Kb,608Kb,20,2,
gw1n9-014,GW1N-LV9PG256C6/I5,GW1N,GW1N-9,PBGA256,LV,C6/I5,6,208,8640,6480,17280bit,468Kb,608Kb,20,2,
gw1n9-015,GW1N-LV9PG256C5/I4,GW1N,GW1N-9,PBGA256,LV,C5/I4,5,208,8640,6480,17280bit,468Kb,608Kb,20,2,
gw1n9-016,GW1N-LV9UG332C6/I5,GW1N,GW1N-9,UBGA332,LV,C6/I5,6,274,8640,6480,17280bit,468Kb,608Kb,20,2,
gw1n9-017,GW1N-LV9UG332C5/I4,GW1N,GW1N-9,UBGA332,LV,C5/I4,5,274,8640,6480,17280bit,468Kb,608Kb,20,2,
gw1n9-018,GW1N-UV9QN48C6/I5,GW1N,GW1N-9,QFN48,UV,C6/I5,6,41,8640,6480,17280bit,468Kb,608Kb,20,2,
gw1n9-019,GW1N-UV9QN48C5/I4,GW1N,GW1N-9,QFN48,UV,C5/I4,5,41,8640,6480,17280bit,468Kb,608Kb,20,2,
gw1n9-020,GW1N-UV9CM64C6/I5,GW1N,GW1N-9,WLCSP64,UV,C6/I5,6,56,8640,6480,17280bit,468Kb,608Kb,20,2,
gw1n9-021,GW1N-UV9CM64C5/I4,GW1N,GW1N-9,WLCSP64,UV,C5/I4,5,56,8640,6480,17280bit,468Kb,608Kb,20,2,
gw1n9-022,GW1N-UV9QN88C6/I5,GW1N,GW1N-9,QFN88,UV,C6/I5,6,71,8640,6480,17280bit,468Kb,608Kb,20,2,
gw1n9-023,GW1N-UV9QN88C5/I4,GW1N,GW1N-9,QFN88,UV,C5/I4,5,71,8640,6480,17280bit,468Kb,608Kb,20,2,
gw1n9-024,GW1N-UV9LQ100C6/I5,GW1N,GW1N-9,LQFP100,UV,C6/I5,6,80,8640,6480,17280bit,468Kb,608Kb,20,2,
gw1n9-025,GW1N-UV9LQ100C5/I4,GW1N,GW1N-9,LQFP100,UV,C5/I4,5,80,8640,6480,17280bit,468Kb,608Kb,20,2,
gw1n9-026,GW1N-UV9LQ144C6/I5,GW1N,GW1N-9,LQFP144,UV,C6/I5,6,121,8640,6480,17280bit,468Kb,608Kb,20,2,
gw1n9-027,GW1N-UV9LQ144C5/I4,GW1N,GW1N-9,LQFP144,UV,C5/I4,5,121,8640,6480,17280bit,468Kb,608Kb,20,2,
gw1n9-028,GW1N-UV9LQ176C6/I5,GW1N,GW1N-9,LQFP176,UV,C6/I5,6,148,8640,6480,17280bit,468Kb,608Kb,20,2,
gw1n9-029,GW1N-UV9LQ176C5/I4,GW1N,GW1N-9,LQFP176,UV,C5/I4,5,148,8640,6480,17280bit,468Kb,608Kb,20,2,
gw1n9-030,GW1N-UV9MG160C6/I5,GW1N,GW1N-9,MBGA160,UV,C6/I5,6,132,8640,6480,17280bit,468Kb,608Kb,20,2,
gw1n9-031,GW1N-UV9MG160C5/I4,GW1N,GW1N-9,MBGA160,UV,C5/I4,5,132,8640,6480,17280bit,468Kb,608Kb,20,2,
gw1n9-032,GW1N-UV9PG256C6/I5,GW1N,GW1N-9,PBGA256,UV,C6/I5,6,208,8640,6480,17280bit,468Kb,608Kb,20,2,
gw1n9-033,GW1N-UV9PG256C5/I4,GW1N,GW1N-9,PBGA256,UV,C5/I4,5,208,8640,6480,17280bit,468Kb,608Kb,20,2,
gw1n9-034,GW1N-UV9UG332C6/I5,GW1N,GW1N-9,UBGA332,UV,C6/I5,6,274,8640,6480,17280bit,468Kb,608Kb,20,2,
gw1n9-035,GW1N-UV9UG332C5/I4,GW1N,GW1N-9,UBGA332,UV,C5/I4,5,274,8640,6480,17280bit,468Kb,608Kb,20,2,
gw1n9-036,GW1N-LV9UG256C6/I5,GW1N,GW1N-9,UBGA256,LV,C6/I5,6,208,8640,6480,17280bit,468Kb,608Kb,20,2,
gw1n9-037,GW1N-UV9UG256C6/I5,GW1N,GW1N-9,UBGA256,UV,C6/I5,6,208,8640,6480,17280bit,468Kb,608Kb,20,2,
gw1n9-038,GW1N-LV9UG256C5/I4,GW1N,GW1N-9,UBGA256,LV,C5/I4,5,208,8640,6480,17280bit,468Kb,608Kb,20,2,
gw1n9-039,GW1N-UV9UG256C5/I4,GW1N,GW1N-9,UBGA256,UV,C5/I4,5,208,8640,6480,17280bit,468Kb,608Kb,20,2,
gw1n9-040,GW1N-LV9LQ176ES,GW1N,GW1N-9,LQFP176,LV,ES,5,148,8640,6480,17280bit,468Kb,608Kb,20,2,
gw1n9-041,GW1N-UV9LQ176ES,GW1N,GW1N-9,LQFP176,UV,ES,5,148,8640,6480,17280bit,468Kb,608Kb,20,2,
gw1n9-042,GW1N-LV9EQ144ES,GW1N,GW1N-9,eLQFP144,LV,ES,5,121,8640,6480,17280bit,468Kb,608Kb,20,2,
gw1n9-043,GW1N-LV9EQ144C5/I4,GW1N,GW1N-9,eLQFP144,LV,C5/I4,5,121,8640,6480,17280bit,468Kb,608Kb,20,2,
gw1n9-044,GW1N-LV9EQ144C6/I5,GW1N,GW1N-9,eLQFP144,LV,C6/I5,6,121,8640,6480,17280bit,468Kb,608Kb,20,2,
gw1n9-045,GW1N-UV9EQ144ES,GW1N,GW1N-9,eLQFP144,UV,ES,5,121,8640,6480,17280bit,468Kb,608Kb,20,2,
gw1n9-046,GW1N-UV9EQ144C5/I4,GW1N,GW1N-9,eLQFP144,UV,C5/I4,5,121,8640,6480,17280bit,468Kb,608Kb,20,2,
gw1n9-047,GW1N-UV9EQ144C6/I5,GW1N,GW1N-9,eLQFP144,UV,C6/I5,6,121,8640,6480,17280bit,468Kb,608Kb,20,2,
gw1n9-049,GW1N-LV9MG196C6/I5,GW1N,GW1N-9,MBGA196,LV,C6/I5,6,114,8640,6480,17280bit,468Kb,608Kb,20,2,
gw1n9-050,GW1N-LV9MG196C5/I4,GW1N,GW1N-9,MBGA196,LV,C5/I4,5,114,8640,6480,17280bit,468Kb,608Kb,20,2,
gw1n9-051,GW1N-LV9UG169C6/I5,GW1N,GW1N-9,UBGA169,LV,C6/I5,6,130,8640,6480,17280bit,468Kb,608Kb,20,2,
gw1n9-052,GW1N-LV9UG169C5/I4,GW1N,GW1N-9,UBGA169,LV,C5/I4,5,130,8640,6480,17280bit,468Kb,608Kb,20,2,
gw1n9-053,GW1N-LV9EQ176C6/I5,GW1N,GW1N-9,eLQFP176,LV,C6/I5,6,148,8640,6480,17280bit,468Kb,608Kb,20,2,
gw1n9-054,GW1N-LV9EQ176C5/I4,GW1N,GW1N-9,eLQFP176,LV,C5/I4,5,148,8640,6480,17280bit,468Kb,608Kb,20,2,
gw1n9-055,GW1N-UV9EQ176C6/I5,GW1N,GW1N-9,eLQFP176,UV,C6/I5,6,148,8640,6480,17280bit,468Kb,608Kb,20,2,
gw1n9-056,GW1N-UV9EQ176C5/I4,GW1N,GW1N-9,eLQFP176,UV,C5/I4,5,148,8640,6480,17280bit,468Kb,608Kb,20,2,
gw1n9-060,GW1N-UV9UG169C6/I5,GW1N,GW1N-9,UBGA169,UV,C6/I5,6,130,8640,6480,17280bit,468Kb,608Kb,20,2,
gw1n9-061,GW1N-UV9UG169C5/I4,GW1N,GW1N-9,UBGA169,UV,C5/I4,5,130,8640,6480,17280bit,468Kb,608Kb,20,2,
gw1n9-062,GW1N-UV9MG196C6/I5,GW1N,GW1N-9,MBGA196,UV,C6/I5,6,114,8640,6480,17280bit,468Kb,608Kb,20,2,
gw1n9-063,GW1N-UV9MG196C5/I4,GW1N,GW1N-9,MBGA196,UV,C5/I4,5,114,8640,6480,17280bit,468Kb,608Kb,20,2,
gw1n9-064,GW1N-LV9CS81MC6/I5,GW1N,GW1N-9,WLCSP81M,LV,C6/I5,6,56,8640,6480,17280bit,468Kb,608Kb,20,2,
gw1n9-065,GW1N-LV9CS81MC5/I4,GW1N,GW1N-9,WLCSP81M,LV,C5/I4,5,56,8640,6480,17280bit,468Kb,608Kb,20,2,
gw1n9c-000,GW1N-LV9QN48C6/I5,GW1N,GW1N-9C,QFN48,LV,C6/I5,6,41,8640,6480,17280bit,468Kb,608Kb,20,2,
gw1n9c-001,GW1N-LV9QN48C5/I4,GW1N,GW1N-9C,QFN48,LV,C5/I4,5,41,8640,6480,17280bit,468Kb,608Kb,20,2,
gw1n9c-003,GW1N-UV9QN48C6/I5,GW1N,GW1N-9C,QFN48,UV,C6/I5,6,41,8640,6480,17280bit,468Kb,608Kb,20,2,
gw1n9c-004,GW1N-UV9QN48C5/I4,GW1N,GW1N-9C,QFN48,UV,C5/I4,5,41,8640,6480,17280bit,468Kb,608Kb,20,2,
gw1n9c-005,GW1N-LV9CM64C6/I5,GW1N,GW1N-9C,WLCSP64,LV,C6/I5,6,56,8640,6480,17280bit,468Kb,608Kb,20,2,
gw1n9c-006,GW1N-LV9CM64C5/I4,GW1N,GW1N-9C,WLCSP64,LV,C5/I4,5,56,8640,6480,17280bit,468Kb,608Kb,20,2,
gw1n9c-007,GW1N-UV9CM64C6/I5,GW1N,GW1N-9C,WLCSP64,UV,C6/I5,6,56,8640,6480,17280bit,468Kb,608Kb,20,2,
gw1n9c-008,GW1N-UV9CM64C5/I4,GW1N,GW1N-9C,WLCSP64,UV,C5/I4,5,56,8640,6480,17280bit,468Kb,608Kb,20,2,
gw1n9c-009,GW1N-LV9QN88C6/I5,GW1N,GW1N-9C,QFN88,LV,C6/I5,6,71,8640,6480,17280bit,468Kb,608Kb,20,2,
gw1n9c-010,GW1N-LV9QN88C5/I4,GW1N,GW1N-9C,QFN88,LV,C5/I4,5,71,8640,6480,17280bit,468Kb,608Kb,20,2,
gw1n9c-011,GW1N-UV9QN88C6/I5,GW1N,GW1N-9C,QFN88,UV,C6/I5,6,71,8640,6480,17280bit,468Kb,608Kb,20,2,
gw1n9c-012,GW1N-UV9QN88C5/I4,GW1N,GW1N-9C,QFN88,UV,C5/I4,5,71,8640,6480,17280bit,468Kb,608Kb,20,2,
gw1n9c-013,GW1N-LV9LQ100C6/I5,GW1N,GW1N-9C,LQFP100,LV,C6/I5,6,80,8640,6480,17280bit,468Kb,608Kb,20,2,
gw1n9c-014,GW1N-LV9LQ100C5/I4,GW1N,GW1N-9C,LQFP100,LV,C5/I4,5,80,8640,6480,17280bit,468Kb,608Kb,20,2,
gw1n9c-015,GW1N-UV9LQ100C6/I5,GW1N,GW1N-9C,LQFP100,UV,C6/I5,6,80,8640,6480,17280bit,468Kb,608Kb,20,2,
gw1n9c-016,GW1N-UV9LQ100C5/I4,GW1N,GW1N-9C,LQFP100,UV,C5/I4,5,80,8640,6480,17280bit,468Kb,608Kb,20,2,
gw1n9c-017,GW1N-LV9LQ144C6/I5,GW1N,GW1N-9C,LQFP144,LV,C6/I5,6,121,8640,6480,17280bit,468Kb,608Kb,20,2,
gw1n9c-018,GW1N-LV9LQ144C5/I4,GW1N,GW1N-9C,LQFP144,LV,C5/I4,5,121,8640,6480,17280bit,468Kb,608Kb,20,2,
gw1n9c-019,GW1N-UV9LQ144C6/I5,GW1N,GW1N-9C,LQFP144,UV,C6/I5,6,121,8640,6480,17280bit,468Kb,608Kb,20,2,
gw1n9c-020,GW1N-UV9LQ144C5/I4,GW1N,GW1N-9C,LQFP144,UV,C5/I4,5,121,8640,6480,17280bit,468Kb,608Kb,20,2,
gw1n9c-021,GW1N-LV9EQ144C5/I4,GW1N,GW1N-9C,eLQFP144,LV,C5/I4,5,121,8640,6480,17280bit,468Kb,608Kb,20,2,
gw1n9c-022,GW1N-LV9EQ144C6/I5,GW1N,GW1N-9C,eLQFP144,LV,C6/I5,6,121,8640,6480,17280bit,468Kb,608Kb,20,2,
gw1n9c-023,GW1N-UV9EQ144C5/I4,GW1N,GW1N-9C,eLQFP144,UV,C5/I4,5,121,8640,6480,17280bit,468Kb,608Kb,20,2,
gw1n9c-024,GW1N-UV9EQ144C6/I5,GW1N,GW1N-9C,eLQFP144,UV,C6/I5,6,121,8640,6480,17280bit,468Kb,608Kb,20,2,
gw1n9c-025,GW1N-LV9LQ176C6/I5,GW1N,GW1N-9C,LQFP176,LV,C6/I5,6,148,8640,6480,17280bit,468Kb,608Kb,20,2,
gw1n9c-026,GW1N-LV9LQ176C5/I4,GW1N,GW1N-9C,LQFP176,LV,C5/I4,5,148,8640,6480,17280bit,468Kb,608Kb,20,2,
gw1n9c-027,GW1N-UV9LQ176C6/I5,GW1N,GW1N-9C,LQFP176,UV,C6/I5,6,148,8640,6480,17280bit,468Kb,608Kb,20,2,
gw1n9c-028,GW1N-UV9LQ176C5/I4,GW1N,GW1N-9C,LQFP176,UV,C5/I4,5,148,8640,6480,17280bit,468Kb,608Kb,20,2,
gw1n9c-029,GW1N-LV9EQ176C6/I5,GW1N,GW1N-9C,eLQFP176,LV,C6/I5,6,148,8640,6480,17280bit,468Kb,608Kb,20,2,
gw1n9c-030,GW1N-LV9EQ176C5/I4,GW1N,GW1N-9C,eLQFP176,LV,C5/I4,5,148,8640,6480,17280bit,468Kb,608Kb,20,2,
gw1n9c-031,GW1N-UV9EQ176C6/I5,GW1N,GW1N-9C,eLQFP176,UV,C6/I5,6,148,8640,6480,17280bit,468Kb,608Kb,20,2,
gw1n9c-032,GW1N-UV9EQ176C5/I4,GW1N,GW1N-9C,eLQFP176,UV,C5/I4,5,148,8640,6480,17280bit,468Kb,608Kb,20,2,
gw1n9c-034,GW1N-LV9MG160C6/I5,GW1N,GW1N-9C,MBGA160,LV,C6/I5,6,132,8640,6480,17280bit,468Kb,608Kb,20,2,
gw1n9c-035,GW1N-LV9MG160C5/I4,GW1N,GW1N-9C,MBGA160,LV,C5/I4,5,132,8640,6480,17280bit,468Kb,608Kb,20,2,
gw1n9c-036,GW1N-UV9MG160C6/I5,GW1N,GW1N-9C,MBGA160,UV,C6/I5,6,132,8640,6480,17280bit,468Kb,608Kb,20,2,
gw1n9c-037,GW1N-UV9MG160C5/I4,GW1N,GW1N-9C,MBGA160,UV,C5/I4,5,132,8640,6480,17280bit,468Kb,608Kb,20,2,
gw1n9c-038,GW1N-UV9UG169C6/I5,GW1N,GW1N-9C,UBGA169,UV,C6/I5,6,130,8640,6480,17280bit,468Kb,608Kb,20,2,
gw1n9c-039,GW1N-UV9UG169C5/I4,GW1N,GW1N-9C,UBGA169,UV,C5/I4,5,130,8640,6480,17280bit,468Kb,608Kb,20,2,
gw1n9c-040,GW1N-LV9UG169C6/I5,GW1N,GW1N-9C,UBGA169,LV,C6/I5,6,130,8640,6480,17280bit,468Kb,608Kb,20,2,
gw1n9c-041,GW1N-LV9UG169C5/I4,GW1N,GW1N-9C,UBGA169,LV,C5/I4,5,130,8640,6480,17280bit,468Kb,608Kb,20,2,
gw1n9c-042,GW1N-LV9MG196C6/I5,GW1N,GW1N-9C,MBGA196,LV,C6/I5,6,114,8640,6480,17280bit,468Kb,608Kb,20,2,
gw1n9c-043,GW1N-LV9MG196C5/I4,GW1N,GW1N-9C,MBGA196,LV,C5/I4,5,114,8640,6480,17280bit,468Kb,608Kb,20,2,
gw1n9c-044,GW1N-UV9MG196C6/I5,GW1N,GW1N-9C,MBGA196,UV,C6/I5,6,114,8640,6480,17280bit,468Kb,608Kb,20,2,
gw1n9c-045,GW1N-UV9MG196C5/I4,GW1N,GW1N-9C,MBGA196,UV,C5/I4,5,114,8640,6480,17280bit,468Kb,608Kb,20,2,
gw1n9c-046,GW1N-LV9PG256C6/I5,GW1N,GW1N-9C,PBGA256,LV,C6/I5,6,208,8640,6480,17280bit,468Kb,608Kb,20,2,
gw1n9c-047,GW1N-LV9PG256C5/I4,GW1N,GW1N-9C,PBGA256,LV,C5/I4,5,208,8640,6480,17280bit,468Kb,608Kb,20,2,
gw1n9c-048,GW1N-UV9PG256C6/I5,GW1N,GW1N-9C,PBGA256,UV,C6/I5,6,208,8640,6480,17280bit,468Kb,608Kb,20,2,
gw1n9c-049,GW1N-UV9PG256C5/I4,GW1N,GW1N-9C,PBGA256,UV,C5/I4,5,208,8640,6480,17280bit,468Kb,608Kb,20,2,
gw1n9c-050,GW1N-LV9UG332C6/I5,GW1N,GW1N-9C,UBGA332,LV,C6/I5,6,274,8640,6480,17280bit,468Kb,608Kb,20,2,
gw1n9c-051,GW1N-LV9UG332C5/I4,GW1N,GW1N-9C,UBGA332,LV,C5/I4,5,274,8640,6480,17280bit,468Kb,608Kb,20,2,
gw1n9c-052,GW1N-UV9UG332C6/I5,GW1N,GW1N-9C,UBGA332,UV,C6/I5,6,274,8640,6480,17280bit,468Kb,608Kb,20,2,
gw1n9c-053,GW1N-UV9UG332C5/I4,GW1N,GW1N-9C,UBGA332,UV,C5/I4,5,274,8640,6480,17280bit,468Kb,608Kb,20,2,
gw1n9c-054,GW1N-LV9UG256C6/I5,GW1N,GW1N-9C,UBGA256,LV,C6/I5,6,208,8640,6480,17280bit,468Kb,608Kb,20,2,
gw1n9c-055,GW1N-UV9UG256C6/I5,GW1N,GW1N-9C,UBGA256,UV,C6/I5,6,208,8640,6480,17280bit,468Kb,608Kb,20,2,
gw1n9c-056,GW1N-LV9UG256C5/I4,GW1N,GW1N-9C,UBGA256,LV,C5/I4,5,208,8640,6480,17280bit,468Kb,608Kb,20,2,
gw1n9c-057,GW1N-UV9UG256C5/I4,GW1N,GW1N-9C,UBGA256,UV,C5/I4,5,208,8640,6480,17280bit,468Kb,608Kb,20,2,
gw1n9c-058,GW1N-LV9CS81MC6/I5,GW1N,GW1N-9C,WLCSP81M,LV,C6/I5,6,56,8640,6480,17280bit,468Kb,608Kb,20,2,
gw1n9c-059,GW1N-LV9CS81MC5/I4,GW1N,GW1N-9C,WLCSP81M,LV,C5/I4,5,56,8640,6480,17280bit,468Kb,608Kb,20,2,
gw1n9c-063,GW1N-UV9UG169ES,GW1N,GW1N-9C,UBGA169,UV,ES,5,130,8640,6480,17280bit,468Kb,608Kb,20,2,
gw1n9c-064,GW1N-UV9UG256ES,GW1N,GW1N-9C,UBGA256,UV,ES,5,208,8640,6480,17280bit,468Kb,608Kb,20,2,
gw1n9c-065,GW1N-LV9QN88ES,GW1N,GW1N-9C,QFN88,LV,ES,5,71,8640,6480,17280bit,468Kb,608Kb,20,2,
gw1n9c-066,GW1N-UV9QN88ES,GW1N,GW1N-9C,QFN88,UV,ES,5,71,8640,6480,17280bit,468Kb,608Kb,20,2,
gw1n9c-067,GW1N-UV9EQ144ES,GW1N,GW1N-9C,eLQFP144,UV,ES,5,121,8640,6480,17280bit,468Kb,608Kb,20,2,
gw1n9c-068,GW1N-UV9LQ144ES,GW1N,GW1N-9C,LQFP144,UV,ES,5,121,8640,6480,17280bit,468Kb,608Kb,20,2,
gw1n9c-069,GW1N-LV9QN48C7/I6,GW1N,GW1N-9C,QFN48,LV,C7/I6,7,41,8640,6480,17280bit,468Kb,608Kb,20,2,
gw1n9c-070,GW1N-UV9QN48C7/I6,GW1N,GW1N-9C,QFN48,UV,C7/I6,7,41,8640,6480,17280bit,468Kb,608Kb,20,2,
gw1n9c-071,GW1N-LV9CM64C7/I6,GW1N,GW1N-9C,WLCSP64,LV,C7/I6,7,56,8640,6480,17280bit,468Kb,608Kb,20,2,
gw1n9c-072,GW1N-UV9CM64C7/I6,GW1N,GW1N-9C,WLCSP64,UV,C7/I6,7,56,8640,6480,17280bit,468Kb,608Kb,20,2,
gw1n9c-073,GW1N-LV9QN88C7/I6,GW1N,GW1N-9C,QFN88,LV,C7/I6,7,71,8640,6480,17280bit,468Kb,608Kb,20,2,
gw1n9c-074,GW1N-UV9QN88C7/I6,GW1N,GW1N-9C,QFN88,UV,C7/I6,7,71,8640,6480,17280bit,468Kb,608Kb,20,2,
gw1n9c-075,GW1N-LV9LQ100C7/I6,GW1N,GW1N-9C,LQFP100,LV,C7/I6,7,80,8640,6480,17280bit,468Kb,608Kb,20,2,
gw1n9c-076,GW1N-UV9LQ100C7/I6,GW1N,GW1N-9C,LQFP100,UV,C7/I6,7,80,8640,6480,17280bit,468Kb,608Kb,20,2,
gw1n9c-077,GW1N-LV9LQ144C7/I6,GW1N,GW1N-9C,LQFP144,LV,C7/I6,7,121,8640,6480,17280bit,468Kb,608Kb,20,2,
gw1n9c-078,GW1N-UV9LQ144C7/I6,GW1N,GW1N-9C,LQFP144,UV,C7/I6,7,121,8640,6480,17280bit,468Kb,608Kb,20,2,
gw1n9c-079,GW1N-LV9EQ144C7/I6,GW1N,GW1N-9C,eLQFP144,LV,C7/I6,7,121,8640,6480,17280bit,468Kb,608Kb,20,2,
gw1n9c-080,GW1N-UV9EQ144C7/I6,GW1N,GW1N-9C,eLQFP144,UV,C7/I6,7,121,8640,6480,17280bit,468Kb,608Kb,20,2,
gw1n9c-081,GW1N-LV9LQ176C7/I6,GW1N,GW1N-9C,LQFP176,LV,C7/I6,7,148,8640,6480,17280bit,468Kb,608Kb,20,2,
gw1n9c-082,GW1N-UV9LQ176C7/I6,GW1N,GW1N-9C,LQFP176,UV,C7/I6,7,148,8640,6480,17280bit,468Kb,608Kb,20,2,
gw1n9c-083,GW1N-LV9EQ176C7/I6,GW1N,GW1N-9C,eLQFP176,LV,C7/I6,7,148,8640,6480,17280bit,468Kb,608Kb,20,2,
gw1n9c-084,GW1N-UV9EQ176C7/I6,GW1N,GW1N-9C,eLQFP176,UV,C7/I6,7,148,8640,6480,17280bit,468Kb,608Kb,20,2,
gw1n9c-085,GW1N-LV9MG160C7/I6,GW1N,GW1N-9C,MBGA160,LV,C7/I6,7,132,8640,6480,17280bit,468Kb,608Kb,20,2,
gw1n9c-086,GW1N-UV9MG160C7/I6,GW1N,GW1N-9C,MBGA160,UV,C7/I6,7,132,8640,6480,17280bit,468Kb,608Kb,20,2,
gw1n9c-087,GW1N-LV9UG169C7/I6,GW1N,GW1N-9C,UBGA169,LV,C7/I6,7,130,8640,6480,17280bit,468Kb,608Kb,20,2,
gw1n9c-088,GW1N-UV9UG169C7/I6,GW1N,GW1N-9C,UBGA169,UV,C7/I6,7,130,8640,6480,17280bit,468Kb,608Kb,20,2,
gw1n9c-089,GW1N-LV9MG196C7/I6,GW1N,GW1N-9C,MBGA196,LV,C7/I6,7,114,8640,6480,17280bit,468Kb,608Kb,20,2,
gw1n9c-090,GW1N-UV9MG196C7/I6,GW1N,GW1N-9C,MBGA196,UV,C7/I6,7,114,8640,6480,17280bit,468Kb,608Kb,20,2,
gw1n9c-091,GW1N-LV9PG256C7/I6,GW1N,GW1N-9C,PBGA256,LV,C7/I6,7,208,8640,6480,17280bit,468Kb,608Kb,20,2,
gw1n9c-092,GW1N-UV9PG256C7/I6,GW1N,GW1N-9C,PBGA256,UV,C7/I6,7,208,8640,6480,17280bit,468Kb,608Kb,20,2,
gw1n9c-093,GW1N-LV9UG332C7/I6,GW1N,GW1N-9C,UBGA332,LV,C7/I6,7,274,8640,6480,17280bit,468Kb,608Kb,20,2,
gw1n9c-094,GW1N-UV9UG332C7/I6,GW1N,GW1N-9C,UBGA332,UV,C7/I6,7,274,8640,6480,17280bit,468Kb,608Kb,20,2,
gw1n9c-095,GW1N-LV9UG256C7/I6,GW1N,GW1N-9C,UBGA256,LV,C7/I6,7,208,8640,6480,17280bit,468Kb,608Kb,20,2,
gw1n9c-096,GW1N-UV9UG256C7/I6,GW1N,GW1N-9C,UBGA256,UV,C7/I6,7,208,8640,6480,17280bit,468Kb,608Kb,20,2,
gw1n9c-097,GW1N-LV9CS81MC7/I6,GW1N,GW1N-9C,WLCSP81M,LV,C7/I6,7,56,8640,6480,17280bit,468Kb,608Kb,20,2,
gw1n9c-098,GW1N-LV9MG100C7/I6,GW1N,GW1N-9C,MBGA100,LV,C7/I6,7,88,8640,6480,17280bit,468Kb,608Kb,20,2,
gw1n9c-099,GW1N-LV9MG100C6/I5,GW1N,GW1N-9C,MBGA100,LV,C6/I5,6,88,8640,6480,17280bit,468Kb,608Kb,20,2,
gw1n9c-100,GW1N-LV9MG100C5/I4,GW1N,GW1N-9C,MBGA100,LV,C5/I4,5,88,8640,6480,17280bit,468Kb,608Kb,20,2,
gw1n9c-101,GW1N-LV9MG100ES,GW1N,GW1N-9C,MBGA100,LV,ES,5,88,8640,6480,17280bit,468Kb,608Kb,20,2,
gw1n9c-102,GW1N-LV9QN48FC7/I6,GW1N,GW1N-9C,QFN48F,LV,C7/I6,7,40,8640,6480,17280bit,468Kb,608Kb,20,2,
gw1n9c-103,GW1N-LV9QN48FC6/I5,GW1N,GW1N-9C,QFN48F,LV,C6/I5,6,40,8640,6480,17280bit,468Kb,608Kb,20,2,
gw1n9c-104,GW1N-LV9QN48FC5/I4,GW1N,GW1N-9C,QFN48F,LV,C5/I4,5,40,8640,6480,17280bit,468Kb,608Kb,20,2,
gw1nr4-000,GW1NR-LV4QN88C6/I5,GW1NR,GW1NR-4,QFN88,LV,C6/I5,6,71,4608,3456,,180Kb,256Kb,16,2,
gw1nr4-001,GW1NR-LV4QN88C5/I4,GW1NR,GW1NR-4,QFN88,LV,C5/I4,5,71,4608,3456,,180Kb,256Kb,16,2,
gw1nr4-002,GW1NR-UV4QN88C6/I5,GW1NR,GW1NR-4,QFN88,UV,C6/I5,6,71,4608,3456,,180Kb,256Kb,16,2,
gw1nr4-003,GW1NR-UV4QN88C5/I4,GW1NR,GW1NR-4,QFN88,UV,C5/I4,5,71,4608,3456,,180Kb,256Kb,16,2,
gw1nr4-004,GW1NR-LV4QN88A4,GW1NR,GW1NR-4,QFN88,LV,A4,4,71,4608,3456,,180Kb,256Kb,16,2,
gw1nr4-005,GW1NR-UV4QN88A4,GW1NR,GW1NR-4,QFN88,UV,A4,4,71,4608,3456,,180Kb,256Kb,16,2,
gw1nr4-008,GW1NR-LV4MG81PC6/I5,GW1NR,GW1NR-4,MBGA81P,LV,C6/I5,6,69,4608,3456,,180Kb,256Kb,16,2,
gw1nr4-009,GW1NR-UV4MG81PC6/I5,GW1NR,GW1NR-4,MBGA81P,UV,C6/I5,6,69,4608,3456,,180Kb,256Kb,16,2,
gw1nr4-010,GW1NR-LV4MG81PC5/I4,GW1NR,GW1NR-4,MBGA81P,LV,C5/I4,5,69,4608,3456,,180Kb,256Kb,16,2,
gw1nr4-011,GW1NR-UV4MG81PC5/I4,GW1NR,GW1NR-4,MBGA81P,UV,C5/I4,5,69,4608,3456,,180Kb,256Kb,16,2,
gw1nr4b-000,GW1NR-LV4QN88C6/I5,GW1NR,GW1NR-4B,QFN88,LV,C6/I5,6,71,4608,3456,,180Kb,256Kb,16,2,
gw1nr4b-001,GW1NR-LV4QN88C5/I4,GW1NR,GW1NR-4B,QFN88,LV,C5/I4,5,71,4608,3456,,180Kb,256Kb,16,2,
gw1nr4b-002,GW1NR-UV4QN88C6/I5,GW1NR,GW1NR-4B,QFN88,UV,C6/I5,6,71,4608,3456,,180Kb,256Kb,16,2,
gw1nr4b-003,GW1NR-UV4QN88C5/I4,GW1NR,GW1NR-4B,QFN88,UV,C5/I4,5,71,4608,3456,,180Kb,256Kb,16,2,
gw1nr4b-004,GW1NR-LV4QN88A4,GW1NR,GW1NR-4B,QFN88,LV,A4,4,71,4608,3456,,180Kb,256Kb,16,2,
gw1nr4b-005,GW1NR-UV4QN88A4,GW1NR,GW1NR-4B,QFN88,UV,A4,4,71,4608,3456,,180Kb,256Kb,16,2,
gw1nr4b-008,GW1NR-LV4MG81PC6/I5,GW1NR,GW1NR-4B,MBGA81P,LV,C6/I5,6,69,4608,3456,,180Kb,256Kb,16,2,
gw1nr4b-009,GW1NR-UV4MG81PC6/I5,GW1NR,GW1NR-4B,MBGA81P,UV,C6/I5,6,69,4608,3456,,180Kb,256Kb,16,2,
gw1nr4b-010,GW1NR-LV4MG81PC5/I4,GW1NR,GW1NR-4B,MBGA81P,LV,C5/I4,5,69,4608,3456,,180Kb,256Kb,16,2,
gw1nr4b-011,GW1NR-UV4MG81PC5/I4,GW1NR,GW1NR-4B,MBGA81P,UV,C5/I4,5,69,4608,3456,,180Kb,256Kb,16,2,
gw1nr4b-012,GW1NR-LV4QN88PC6/I5,GW1NR,GW1NR-4B,QFN88P,LV,C6/I5,6,71,4608,3456,,180Kb,256Kb,16,2,
gw1nr4b-013,GW1NR-LV4QN88PC5/I4,GW1NR,GW1NR-4B,QFN88P,LV,C5/I4,5,71,4608,3456,,180Kb,256Kb,16,2,
gw1nr4b-014,GW1NR-LV4QN88PES,GW1NR,GW1NR-4B,QFN88P,LV,ES,5,71,4608,3456,,180Kb,256Kb,16,2,
gw1nr4b-015,GW1NR-UV4QN88PES,GW1NR,GW1NR-4B,QFN88P,UV,ES,5,71,4608,3456,,180Kb,256Kb,16,2,
gw1nr4b-016,GW1NR-UV4QN88PC6/I5,GW1NR,GW1NR-4B,QFN88P,UV,C6/I5,6,71,4608,3456,,180Kb,256Kb,16,2,
gw1nr4b-017,GW1NR-UV4QN88PC5/I4,GW1NR,GW1NR-4B,QFN88P,UV,C5/I4,5,71,4608,3456,,180Kb,256Kb,16,2,
gw1nr4d-000,GW1NR-LV4QN88C7/I6,GW1NR,GW1NR-4D,QFN88,LV,C7/I6,7,71,4608,3456,,180Kb,256Kb,16,2,
gw1nr4d-001,GW1NR-LV4QN88C6/I5,GW1NR,GW1NR-4D,QFN88,LV,C6/I5,6,71,4608,3456,,180Kb,256Kb,16,2,
gw1nr4d-002,GW1NR-LV4QN88C5/I4,GW1NR,GW1NR-4D,QFN88,LV,C5/I4,5,71,4608,3456,,180Kb,256Kb,16,2,
gw1nr4d-003,GW1NR-UV4QN88C7/I6,GW1NR,GW1NR-4D,QFN88,UV,C7/I6,7,71,4608,3456,,180Kb,256Kb,16,2,
gw1nr4d-004,GW1NR-UV4QN88C6/I5,GW1NR,GW1NR-4D,QFN88,UV,C6/I5,6,71,4608,3456,,180Kb,256Kb,16,2,
gw1nr4d-005,GW1NR-UV4QN88C5/I4,GW1NR,GW1NR-4D,QFN88,UV,C5/I4,5,71,4608,3456,,180Kb,256Kb,16,2,
gw1nr4d-006,GW1NR-LV4QN88PC7/I6,GW1NR,GW1NR-4D,QFN88P,LV,C7/I6,7,71,4608,3456,,180Kb,256Kb,16,2,
gw1nr4d-007,GW1NR-LV4QN88PC6/I5,GW1NR,GW1NR-4D,QFN88P,LV,C6/I5,6,71,4608,3456,,180Kb,256Kb,16,2,
gw1nr4d-008,GW1NR-LV4QN88PC5/I4,GW1NR,GW1NR-4D,QFN88P,LV,C5/I4,5,71,4608,3456,,180Kb,256Kb,16,2,
gw1nr4d-009,GW1NR-UV4QN88PC7/I6,GW1NR,GW1NR-4D,QFN88P,UV,C7/I6,7,71,4608,3456,,180Kb,256Kb,16,2,
gw1nr4d-010,GW1NR-UV4QN88PC6/I5,GW1NR,GW1NR-4D,QFN88P,UV,C6/I5,6,71,4608,3456,,180Kb,256Kb,16,2,
gw1nr4d-011,GW1NR-UV4QN88PC5/I4,GW1NR,GW1NR-4D,QFN88P,UV,C5/I4,5,71,4608,3456,,180Kb,256Kb,16,2,
gw1nr4d-012,GW1NR-LV4MG81PC7/I6,GW1NR,GW1NR-4D,MBGA81P,LV,C7/I6,7,69,4608,3456,,180Kb,256Kb,16,2,
gw1nr4d-013,GW1NR-UV4MG81PC7/I6,GW1NR,GW1NR-4D,MBGA81P,UV,C7/I6,7,69,4608,3456,,180Kb,256Kb,16,2,
gw1nr4d-014,GW1NR-LV4MG81PC6/I5,GW1NR,GW1NR-4D,MBGA81P,LV,C6/I5,6,69,4608,3456,,180Kb,256Kb,16,2,
gw1nr4d-015,GW1NR-UV4MG81PC6/I5,GW1NR,GW1NR-4D,MBGA81P,UV,C6/I5,6,69,4608,3456,,180Kb,256Kb,16,2,
gw1nr4d-016,GW1NR-LV4MG81PC5/I4,GW1NR,GW1NR-4D,MBGA81P,LV,C5/I4,5,69,4608,3456,,180Kb,256Kb,16,2,
gw1nr4d-017,GW1NR-UV4MG81PC5/I4,GW1NR,GW1NR-4D,MBGA81P,UV,C5/I4,5,69,4608,3456,,180Kb,256Kb,16,2,
gw1nr9-000,GW1NR-LV9QN88C6/I5,GW1NR,GW1NR-9,QFN88,LV,C6/I5,6,71,8640,6480,17280bit,468Kb,608Kb,20,2,
gw1nr9-001,GW1NR-LV9QN88C5/I4,GW1NR,GW1NR-9,QFN88,LV,C5/I4,5,71,8640,6480,17280bit,468Kb,608Kb,20,2,
gw1nr9-002,GW1NR-UV9QN88C6/I5,GW1NR,GW1NR-9,QFN88,UV,C6/I5,6,71,8640,6480,17280bit,468Kb,608Kb,20,2,
gw1nr9-003,GW1NR-UV9QN88C5/I4,GW1NR,GW1NR-9,QFN88,UV,C5/I4,5,71,8640,6480,17280bit,468Kb,608Kb,20,2,
gw1nr9-008,GW1NR-LV9QN88PES,GW1NR,GW1NR-9,QFN88P,LV,ES,5,71,8640,6480,17280bit,468Kb,608Kb,20,2,
gw1nr9-009,GW1NR-UV9QN88PES,GW1NR,GW1NR-9,QFN88P,UV,ES,5,71,8640,6480,17280bit,468Kb,608Kb,20,2,
gw1nr9-010,GW1NR-LV9LQ144PES,GW1NR,GW1NR-9,LQFP144P,LV,ES,5,121,8640,6480,17280bit,468Kb,608Kb,20,2,
gw1nr9-011,GW1NR-UV9LQ144PES,GW1NR,GW1NR-9,LQFP144P,UV,ES,5,121,8640,6480,17280bit,468Kb,608Kb,20,2,
gw1nr9-012,GW1NR-LV9QN88PC6/I5,GW1NR,GW1NR-9,QFN88P,LV,C6/I5,6,71,8640,6480,17280bit,468Kb,608Kb,20,2,
gw1nr9-013,GW1NR-LV9QN88PC5/I4,GW1NR,GW1NR-9,QFN88P,LV,C5/I4,5,71,8640,6480,17280bit,468Kb,608Kb,20,2,
gw1nr9-014,GW1NR-UV9QN88PC6/I5,GW1NR,GW1NR-9,QFN88P,UV,C6/I5,6,71,8640,6480,17280bit,468Kb,608Kb,20,2,
gw1nr9-015,GW1NR-UV9QN88PC5/I4,GW1NR,GW1NR-9,QFN88P,UV,C5/I4,5,71,8640,6480,17280bit,468Kb,608Kb,20,2,
gw1nr9-016,GW1NR-LV9LQ144PC6/I5,GW1NR,GW1NR-9,LQFP144P,LV,C6/I5,6,121,8640,6480,17280bit,468Kb,608Kb,20,2,
gw1nr9-017,GW1NR-LV9LQ144PC5/I4,GW1NR,GW1NR-9,LQFP144P,LV,C5/I4,5,121,8640,6480,17280bit,468Kb,608Kb,20,2,
gw1nr9-018,GW1NR-UV9LQ144PC6/I5,GW1NR,GW1NR-9,LQFP144P,UV,C6/I5,6,121,8640,6480,17280bit,468Kb,608Kb,20,2,
gw1nr9-019,GW1NR-UV9LQ144PC5/I4,GW1NR,GW1NR-9,LQFP144P,UV,C5/I4,5,121,8640,6480,17280bit,468Kb,608Kb,20,2,
gw1nr9-020,GW1NR-LV9MG100PC6/I5,GW1NR,GW1NR-9,MBGA100P,LV,C6/I5,6,88,8640,6480,17280bit,468Kb,608Kb,20,2,
gw1nr9-021,GW1NR-LV9MG100PC5/I4,GW1NR,GW1NR-9,MBGA100P,LV,C5/I4,5,88,8640,6480,17280bit,468Kb,608Kb,20,2,
gw1nr9-022,GW1NR-UV9MG100PC6/I5,GW1NR,GW1NR-9,MBGA100P,UV,C6/I5,6,88,8640,6480,17280bit,468Kb,608Kb,20,2,
gw1nr9-023,GW1NR-UV9MG100PC5/I4,GW1NR,GW1NR-9,MBGA100P,UV,C5/I4,5,88,8640,6480,17280bit,468Kb,608Kb,20,2,
gw1nr9-024,GW1NR-LV9MG100PES,GW1NR,GW1NR-9,MBGA100P,LV,ES,5,88,8640,6480,17280bit,468Kb,608Kb,20,2,
gw1nr9-025,GW1NR-UV9MG100PES,GW1NR,GW1NR-9,MBGA100P,UV,ES,5,88,8640,6480,17280bit,468Kb,608Kb,20,2,
gw1nr9c-000,GW1NR-LV9QN88C6/I5,GW1NR,GW1NR-9C,QFN88,LV,C6/I5,6,71,8640,6480,17280bit,468Kb,608Kb,20,2,
gw1nr9c-001,GW1NR-LV9QN88C5/I4,GW1NR,GW1NR-9C,QFN88,LV,C5/I4,5,71,8640,6480,17280bit,468Kb,608Kb,20,2,
gw1nr9c-002,GW1NR-UV9QN88C6/I5,GW1NR,GW1NR-9C,QFN88,UV,C6/I5,6,71,8640,6480,17280bit,468Kb,608Kb,20,2,
gw1nr9c-003,GW1NR-UV9QN88C5/I4,GW1NR,GW1NR-9C,QFN88,UV,C5/I4,5,71,8640,6480,17280bit,468Kb,608Kb,20,2,
gw1nr9c-004,GW1NR-LV9QN88PC6/I5,GW1NR,GW1NR-9C,QFN88P,LV,C6/I5,6,71,8640,6480,17280bit,468Kb,608Kb,20,2,
gw1nr9c-005,GW1NR-LV9QN88PC5/I4,GW1NR,GW1NR-9C,QFN88P,LV,C5/I4,5,71,8640,6480,17280bit,468Kb,608Kb,20,2,
gw1nr9c-006,GW1NR-UV9QN88PC6/I5,GW1NR,GW1NR-9C,QFN88P,UV,C6/I5,6,71,8640,6480,17280bit,468Kb,608Kb,20,2,
gw1nr9c-007,GW1NR-UV9QN88PC5/I4,GW1NR,GW1NR-9C,QFN88P,UV,C5/I4,5,71,8640,6480,17280bit,468Kb,608Kb,20,2,
gw1nr9c-008,GW1NR-LV9MG100PC6/I5,GW1NR,GW1NR-9C,MBGA100P,LV,C6/I5,6,88,8640,6480,17280bit,468Kb,608Kb,20,2,
gw1nr9c-009,GW1NR-LV9MG100PC5/I4,GW1NR,GW1NR-9C,MBGA100P,LV,C5/I4,5,88,8640,6480,17280bit,468Kb,608Kb,20,2,
gw1nr9c-010,GW1NR-UV9MG100PC6/I5,GW1NR,GW1NR-9C,MBGA100P,UV,C6/I5,6,88,8640,6480,17280bit,468Kb,608Kb,20,2,
gw1nr9c-011,GW1NR-UV9MG100PC5/I4,GW1NR,GW1NR-9C,MBGA100P,UV,C5/I4,5,88,8640,6480,17280bit,468Kb,608Kb,20,2,
gw1nr9c-012,GW1NR-LV9LQ144PC6/I5,GW1NR,GW1NR-9C,LQFP144P,LV,C6/I5,6,121,8640,6480,17280bit,468Kb,608Kb,20,2,
gw1nr9c-013,GW1NR-LV9LQ144PC5/I4,GW1NR,GW1NR-9C,LQFP144P,LV,C5/I4,5,121,8640,6480,17280bit,468Kb,608Kb,20,2,
gw1nr9c-014,GW1NR-UV9LQ144PC6/I5,GW1NR,GW1NR-9C,LQFP144P,UV,C6/I5,6,121,8640,6480,17280bit,468Kb,608Kb,20,2,
gw1nr9c-015,GW1NR-UV9LQ144PC5/I4,GW1NR,GW1NR-9C,LQFP144P,UV,C5/I4,5,121,8640,6480,17280bit,468Kb,608Kb,20,2,
gw1nr9c-016,GW1NR-LV9MG100PES,GW1NR,GW1NR-9C,MBGA100P,LV,ES,5,88,8640,6480,17280bit,468Kb,608Kb,20,2,
gw1nr9c-017,GW1NR-LV9QN88C7/I6,GW1NR,GW1NR-9C,QFN88,LV,C7/I6,7,71,8640,6480,17280bit,468Kb,608Kb,20,2,
gw1nr9c-018,GW1NR-UV9QN88C7/I6,GW1NR,GW1NR-9C,QFN88,UV,C7/I6,7,71,8640,6480,17280bit,468Kb,608Kb,20,2,
gw1nr9c-019,GW1NR-LV9QN88PC7/I6,GW1NR,GW1NR-9C,QFN88P,LV,C7/I6,7,71,8640,6480,17280bit,468Kb,608Kb,20,2,
gw1nr9c-020,GW1NR-UV9QN88PC7/I6,GW1NR,GW1NR-9C,QFN88P,UV,C7/I6,7,71,8640,6480,17280bit,468Kb,608Kb,20,2,
gw1nr9c-021,GW1NR-LV9MG100PC7/I6,GW1NR,GW1NR-9C,MBGA100P,LV,C7/I6,7,88,8640,6480,17280bit,468Kb,608Kb,20,2,
gw1nr9c-022,GW1NR-UV9MG100PC7/I6,GW1NR,GW1NR-9C,MBGA100P,UV,C7/I6,7,88,8640,6480,17280bit,468Kb,608Kb,20,2,
gw1nr9c-023,GW1NR-LV9LQ144PC7/I6,GW1NR,GW1NR-9C,LQFP144P,LV,C7/I6,7,121,8640,6480,17280bit,468Kb,608Kb,20,2,
gw1nr9c-024,GW1NR-UV9LQ144PC7/I6,GW1NR,GW1NR-9C,LQFP144P,UV,C7/I6,7,121,8640,6480,17280bit,468Kb,608Kb,20,2,
gw1nr9c-025,GW1NR-LV9MG100PFC7/I6,GW1NR,GW1NR-9C,MBGA100PF,LV,C7/I6,7,88,8640,6480,17280bit,468Kb,608Kb,20,2,
gw1nr9c-026,GW1NR-LV9MG100PFC6/I5,GW1NR,GW1NR-9C,MBGA100PF,LV,C6/I5,6,88,8640,6480,17280bit,468Kb,608Kb,20,2,
gw1nr9c-027,GW1NR-LV9MG100PFC5/I4,GW1NR,GW1NR-9C,MBGA100PF,LV,C5/I4,5,88,8640,6480,17280bit,468Kb,608Kb,20,2,
gw1nr9c-028,GW1NR-LV9MG100PFES,GW1NR,GW1NR-9C,MBGA100PF,LV,ES,5,88,8640,6480,17280bit,468Kb,608Kb,20,2,
gw1nr9c-029,GW1NR-LV9MG100PDC7/I6,GW1NR,GW1NR-9C,MBGA100PD,LV,C7/I6,7,88,8640,6480,17280bit,468Kb,608Kb,20,2,
gw1nr9c-030,GW1NR-LV9MG100PDC6/I5,GW1NR,GW1NR-9C,MBGA100PD,LV,C6/I5,6,88,8640,6480,17280bit,468Kb,608Kb,20,2,
gw1nr9c-031,GW1NR-LV9MG100PDC5/I4,GW1NR,GW1NR-9C,MBGA100PD,LV,C5/I4,5,88,8640,6480,17280bit,468Kb,608Kb,20,2,
gw1nr9c-032,GW1NR-LV9MG100PAC7/I6,GW1NR,GW1NR-9C,MBGA100PA,LV,C7/I6,7,88,8640,6480,17280bit,468Kb,608Kb,20,2,
gw1nr9c-033,GW1NR-LV9MG100PAC6/I5,GW1NR,GW1NR-9C,MBGA100PA,LV,C6/I5,6,88,8640,6480,17280bit,468Kb,608Kb,20,2,
gw1nr9c-034,GW1NR-LV9MG100PAC5/I4,GW1NR,GW1NR-9C,MBGA100PA,LV,C5/I4,5,88,8640,6480,17280bit,468Kb,608Kb,20,2,
gw1nr9c-035,GW1NR-LV9MG100PAES,GW1NR,GW1NR-9C,MBGA100PA,LV,ES,5,88,8640,6480,17280bit,468Kb,608Kb,20,2,
gw1nr9c-036,GW1NR-LV9MG100PTC7/I6,GW1NR,GW1NR-9C,MBGA100PT,LV,C7/I6,7,88,8640,6480,17280bit,468Kb,608Kb,20,2,
gw1nr9c-037,GW1NR-LV9MG100PTC6/I5,GW1NR,GW1NR-9C,MBGA100PT,LV,C6/I5,6,88,8640,6480,17280bit,468Kb,608Kb,20,2,
gw1nr9c-038,GW1NR-LV9MG100PTC5/I4,GW1NR,GW1NR-9C,MBGA100PT,LV,C5/I4,5,88,8640,6480,17280bit,468Kb,608Kb,20,2,
gw1nr9c-039,GW1NR-LV9MG100PTES,GW1NR,GW1NR-9C,MBGA100PT,LV,ES,5,88,8640,6480,17280bit,468Kb,608Kb,20,2,
gw1nr9c-040,GW1NR-LV9MG100PSC7/I6,GW1NR,GW1NR-9C,MBGA100PS,LV,C7/I6,7,88,8640,6480,17280bit,468Kb,608Kb,20,2,
gw1nr9c-041,GW1NR-LV9MG100PSC6/I5,GW1NR,GW1NR-9C,MBGA100PS,LV,C6/I5,6,88,8640,6480,17280bit,468Kb,608Kb,20,2,
gw1nr9c-042,GW1NR-LV9MG100PSC5/I4,GW1NR,GW1NR-9C,MBGA100PS,LV,C5/I4,5,88,8640,6480,17280bit,468Kb,608Kb,20,2,
gw1nr9c-043,GW1NR-LV9MG100PSES,GW1NR,GW1NR-9C,MBGA100PS,LV,ES,5,88,8640,6480,17280bit,468Kb,608Kb,20,2,
gw2a18-000,GW2A-LV18LQ144C8/I7,GW2A,GW2A-18,LQFP144,LV,C8/I7,8,119,20736,15552,41472bit,828Kb,,48,4,
gw2a18-001,GW2A-LV18LQ144C7/I6,GW2A,GW2A-18,LQFP144,LV,C7/I6,7,119,20736,15552,41472bit,828Kb,,48,4,
gw2a18-002,GW2A-LV18PG256C8/I7,GW2A,GW2A-18,PBGA256,LV,C8/I7,8,207,20736,15552,41472bit,828Kb,,48,4,
gw2a18-003,GW2A-LV18PG256C7/I6,GW2A,GW2A-18,PBGA256,LV,C7/I6,7,207,20736,15552,41472bit,828Kb,,48,4,
gw2a18-004,GW2A-LV18PG484C8/I7,GW2A,GW2A-18,PBGA484,LV,C8/I7,8,319,20736,15552,41472bit,828Kb,,48,4,
gw2a18-005,GW2A-LV18PG484C7/I6,GW2A,GW2A-18,PBGA484,LV,C7/I6,7,319,20736,15552,41472bit,828Kb,,48,4,
gw2a18-006,GW2A-LV18MG196C8/I7,GW2A,GW2A-18,MBGA196,LV,C8/I7,8,114,20736,15552,41472bit,828Kb,,48,4,
gw2a18-007,GW2A-LV18PG256SC8/I7,GW2A,GW2A-18,PBGA256S,LV,C8/I7,8,192,20736,15552,41472bit,828Kb,,48,4,
gw2a18-008,GW2A-LV18QN88C8/I7,GW2A,GW2A-18,QFN88,LV,C8/I7,8,66,20736,15552,41472bit,828Kb,,48,2,
gw2a18-015,GW2A-LV18MG196C7/I6,GW2A,GW2A-18,MBGA196,LV,C7/I6,7,114,20736,15552,41472bit,828Kb,,48,4,
gw2a18-018,GW2A-LV18PG256SC7/I6,GW2A,GW2A-18,PBGA256S,LV,C7/I6,7,192,20736,15552,41472bit,828Kb,,48,4,
gw2a18-021,GW2A-LV18QN88C7/I6,GW2A,GW2A-18,QFN88,LV,C7/I6,7,66,20736,15552,41472bit,828Kb,,48,2,
gw2a18-024,GW2A-LV18PG256CC8/I7,GW2A,GW2A-18,PBGA256C,LV,C8/I7,8,190,20736,15552,41472bit,828Kb,,48,4,
gw2a18-025,GW2A-LV18PG256CC7/I6,GW2A,GW2A-18,PBGA256C,LV,C7/I6,7,190,20736,15552,41472bit,828Kb,,48,4,
gw2a18-028,GW2A-LV18PG484A6,GW2A,GW2A-18,PBGA484,LV,A6,6,319,20736,15552,41472bit,828Kb,,48,4,
gw2a18-029,GW2A-LV18PG484C9/I8,GW2A,GW2A-18,PBGA484,LV,C9/I8,9,319,20736,15552,41472bit,828Kb,,48,4,
gw2a18-032,GW2A-LV18EQ144C8/I7,GW2A,GW2A-18,eLQFP144,LV,C8/I7,8,119,20736,15552,41472bit,828Kb,,48,4,
gw2a18-033,GW2A-LV18EQ144C7/I6,GW2A,GW2A-18,eLQFP144,LV,C7/I6,7,119,20736,15552,41472bit,828Kb,,48,4,
gw2a18-034,GW2A-LV18PG256C9/I8,GW2A,GW2A-18,PBGA256,LV,C9/I8,9,207,20736,15552,41472bit,828Kb,,48,4,
gw2a18-035,GW2A-LV18QN88A6,GW2A,GW2A-18,QFN88,LV,A6,6,66,20736,15552,41472bit,828Kb,,48,2,
gw2a18-036,GW2A-LV18UG324C8/I7,GW2A,GW2A-18,UBGA324,LV,C8/I7,8,239,20736,15552,41472bit,828Kb,,48,4,
gw2a18-037,GW2A-LV18UG324C7/I6,GW2A,GW2A-18,UBGA324,LV,C7/I6,7,239,20736,15552,41472bit,828Kb,,48,4,
gw2a18-038,GW2A-LV18PG256EC8/I7,GW2A,GW2A-18,PBGA256E,LV,C8/I7,8,162,20736,15552,41472bit,828Kb,,48,4,
gw2a18-039,GW2A-LV18PG256EES,GW2A,GW2A-18,PBGA256E,LV,ES,7,162,20736,15552,41472bit,828Kb,,48,4,
gw2a55-000,GW2A-LV55PG484C8/I7,GW2A,GW2A-55,PBGA484,LV,C8/I7,8,319,54720,41040,109440bit,2520Kb,,40,6,
gw2a55-001,GW2A-LV55PG484C7/I6,GW2A,GW2A-55,PBGA484,LV,C7/I6,7,319,54720,41040,109440bit,2520Kb,,40,6,
gw2a55-002,GW2A-LV55PG1156C8/I7,GW2A,GW2A-55,PBGA1156,LV,C8/I7,8,607,54720,41040,109440bit,2520Kb,,40,6,
gw2a55-003,GW2A-LV55PG1156C7/I6,GW2A,GW2A-55,PBGA1156,LV,C7/I6,7,607,54720,41040,109440bit,2520Kb,,40,6,
gw2a55-008,GW2A-LV55PG484A6,GW2A,GW2A-55,PBGA484,LV,A6,6,319,54720,41040,109440bit,2520Kb,,40,6,
gw2a55-010,GW2A-LV55PG484C9/I8,GW2A,GW2A-55,PBGA484,LV,C9/I8,9,319,54720,41040,109440bit,2520Kb,,40,6,
gw2a55-011,GW2A-LV55UG324C8/I7,GW2A,GW2A-55,UBGA324,LV,C8/I7,8,239,54720,41040,109440bit,2520Kb,,40,6,
gw2a55-012,GW2A-LV55UG324C7/I6,GW2A,GW2A-55,UBGA324,LV,C7/I6,7,239,54720,41040,109440bit,2520Kb,,40,6,
gw2a55-013,GW2A-LV55UG324C9/I8,GW2A,GW2A-55,UBGA324,LV,C9/I8,9,239,54720,41040,109440bit,2520Kb,,40,6,
gw2a55-014,GW2A-LV55UG324DC8/I7,GW2A,GW2A-55,UBGA324D,LV,C8/I7,8,239,54720,41040,109440bit,2520Kb,,40,6,
gw2a55-015,GW2A-LV55PG484ES,GW2A,GW2A-55,PBGA484,LV,ES,7,319,54720,41040,109440bit,2520Kb,,40,6,
gw2a55-016,GW2A-LV55UG324ES,GW2A,GW2A-55,UBGA324,LV,ES,7,239,54720,41040,109440bit,2520Kb,,40,6,
gw2a55-017,GW2A-LV55UG324DES,GW2A,GW2A-55,UBGA324D,LV,ES,7,239,54720,41040,109440bit,2520Kb,,40,6,
gw2a55-018,GW2A-LV55UG324DC9/I8,GW2A,GW2A-55,UBGA324D,LV,C9/I8,9,239,54720,41040,109440bit,2520Kb,,40,6,
gw2a55-019,GW2A-LV55UG324DC7/I6,GW2A,GW2A-55,UBGA324D,LV,C7/I6,7,239,54720,41040,109440bit,2520Kb,,40,6,
gw2ar18-000,GW2AR-LV18QN88C8/I7,GW2AR,GW2AR-18,QFN88,LV,C8/I7,8,66,20736,15552,41472bit,828Kb,,48,2,
gw2ar18-001,GW2AR-LV18QN88C7/I6,GW2AR,GW2AR-18,QFN88,LV,C7/I6,7,66,20736,15552,41472bit,828Kb,,48,2,
gw2ar18-002,GW2AR-LV18LQ144C8/I7,GW2AR,GW2AR-18,LQFP144,LV,C8/I7,8,120,20736,15552,41472bit,828Kb,,48,4,
gw2ar18-003,GW2AR-LV18LQ144C7/I6,GW2AR,GW2AR-18,LQFP144,LV,C7/I6,7,120,20736,15552,41472bit,828Kb,,48,4,
gw2ar18-004,GW2AR-LV18LQ176C8/I7,GW2AR,GW2AR-18,LQFP176,LV,C8/I7,8,140,20736,15552,41472bit,828Kb,,48,3,
gw2ar18-005,GW2AR-LV18LQ176C7/I6,GW2AR,GW2AR-18,LQFP176,LV,C7/I6,7,140,20736,15552,41472bit,828Kb,,48,3,
gw2ar18-006,GW2AR-LV18QN88PES,GW2AR,GW2AR-18,QFN88P,LV,ES,7,66,20736,15552,41472bit,828Kb,,48,2,
gw2ar18-007,GW2AR-LV18EQ144PES,GW2AR,GW2AR-18,eLQFP144P,LV,ES,7,120,20736,15552,41472bit,828Kb,,48,4,
gw2ar18-014,GW2AR-LV18EQ144C8/I7,GW2AR,GW2AR-18,eLQFP144,LV,C8/I7,8,120,20736,15552,41472bit,828Kb,,48,4,
gw2ar18-015,GW2AR-LV18EQ144C7/I6,GW2AR,GW2AR-18,eLQFP144,LV,C7/I6,7,120,20736,15552,41472bit,828Kb,,48,4,
gw2ar18-018,GW2AR-LV18QN88PC8/I7,GW2AR,GW2AR-18,QFN88P,LV,C8/I7,8,66,20736,15552,41472bit,828Kb,,48,2,
gw2ar18-019,GW2AR-LV18QN88PC7/I6,GW2AR,GW2AR-18,QFN88P,LV,C7/I6,7,66,20736,15552,41472bit,828Kb,,48,2,
gw2ar18-022,GW2AR-LV18EQ144PC8/I7,GW2AR,GW2AR-18,eLQFP144P,LV,C8/I7,8,120,20736,15552,41472bit,828Kb,,48,4,
gw2ar18-023,GW2AR-LV18EQ144PC7/I6,GW2AR,GW2AR-18,eLQFP144P,LV,C7/I6,7,120,20736,15552,41472bit,828Kb,,48,4,
gw2ar18-026,GW2AR-LV18EQ176ES,GW2AR,GW2AR-18,eLQFP176,LV,ES,7,140,20736,15552,41472bit,828Kb,,48,3,
gw2ar18-027,GW2AR-LV18EQ176C8/I7,GW2AR,GW2AR-18,eLQFP176,LV,C8/I7,8,140,20736,15552,41472bit,828Kb,,48,3,
gw2ar18-028,GW2AR-LV18EQ176C7/I6,GW2AR,GW2AR-18,eLQFP176,LV,C7/I6,7,140,20736,15552,41472bit,828Kb,,48,3,
gw2ar18-029,GW2AR-LV18EQ144PC9/I8,GW2AR,GW2AR-18,eLQFP144P,LV,C9/I8,9,120,20736,15552,41472bit,828Kb,,48,4,
gw2ar18-030,GW2AR-LV18LQ176C9/I8,GW2AR,GW2AR-18,LQFP176,LV,C9/I8,9,140,20736,15552,41472bit,828Kb,,48,3,
gw1ns2c-013,GW1NS-LX2CCS36C5/I4,GW1NS,GW1NS-2C,WLCSP36,LX,C5/I4,5,30,1728,1296,4608bit,72Kb,,,1,
gw1ns2c-014,GW1NS-LX2CQN32UC5/I4,GW1NS,GW1NS-2C,QFN32U,LX,C5/I4,5,16,1728,1296,4608bit,72Kb,,,1,
gw1ns2c-015,GW1NS-LX2CLQ144C5/I4,GW1NS,GW1NS-2C,LQFP144,LX,C5/I4,5,96,1728,1296,4608bit,72Kb,,,1,
gw1ns2c-016,GW1NS-UX2CCS36C5/I4,GW1NS,GW1NS-2C,WLCSP36,UX,C5/I4,5,30,1728,1296,4608bit,72Kb,,,1,
gw1ns2c-017,GW1NS-UX2CQN32UC5/I4,GW1NS,GW1NS-2C,QFN32U,UX,C5/I4,5,16,1728,1296,4608bit,72Kb,,,1,
gw1ns2c-018,GW1NS-UX2CLQ144C5/I4,GW1NS,GW1NS-2C,LQFP144,UX,C5/I4,5,96,1728,1296,4608bit,72Kb,,,1,
gw1ns2c-019,GW1NS-UX2CLQ144C6/I5,GW1NS,GW1NS-2C,LQFP144,UX,C6/I5,6,96,1728,1296,4608bit,72Kb,,,1,
gw1ns2c-020,GW1NS-LX2CQN32C6/I5,GW1NS,GW1NS-2C,QFN32,LX,C6/I5,6,25,1728,1296,4608bit,72Kb,,,1,
gw1ns2c-021,GW1NS-LX2CQN32C5/I4,GW1NS,GW1NS-2C,QFN32,LX,C5/I4,5,25,1728,1296,4608bit,72Kb,,,1,
gw1ns2c-022,GW1NS-LX2CQN48C6/I5,GW1NS,GW1NS-2C,QFN48,LX,C6/I5,6,39,1728,1296,4608bit,72Kb,,,1,
gw1ns2c-023,GW1NS-LX2CQN48C5/I4,GW1NS,GW1NS-2C,QFN48,LX,C5/I4,5,39,1728,1296,4608bit,72Kb,,,1,
gw1ns2c-024,GW1NS-LX2CQN32UC6/I5,GW1NS,GW1NS-2C,QFN32U,LX,C6/I5,6,16,1728,1296,4608bit,72Kb,,,1,
gw1ns2c-025,GW1NS-LX2CCS36C6/I5,GW1NS,GW1NS-2C,WLCSP36,LX,C6/I5,6,30,1728,1296,4608bit,72Kb,,,1,
gw1ns2c-026,GW1NS-LX2CLQ144C6/I5,GW1NS,GW1NS-2C,LQFP144,LX,C6/I5,6,96,1728,1296,4608bit,72Kb,,,1,
gw1ns2c-027,GW1NS-UX2CQN32C6/I5,GW1NS,GW1NS-2C,QFN32,UX,C6/I5,6,25,1728,1296,4608bit,72Kb,,,1,
gw1ns2c-028,GW1NS-UX2CQN32C5/I4,GW1NS,GW1NS-2C,QFN32,UX,C5/I4,5,25,1728,1296,4608bit,72Kb,,,1,
gw1ns2c-029,GW1NS-UX2CQN48C6/I5,GW1NS,GW1NS-2C,QFN48,UX,C6/I5,6,39,1728,1296,4608bit,72Kb,,,1,
gw1ns2c-030,GW1NS-UX2CQN48C5/I4,GW1NS,GW1NS-2C,QFN48,UX,C5/I4,5,39,1728,1296,4608bit,72Kb,,,1,
gw1ns2c-031,GW1NS-UX2CQN32UC6/I5,GW1NS,GW1NS-2C,QFN32U,UX,C6/I5,6,16,1728,1296,4608bit,72Kb,,,1,
gw1ns2c-032,GW1NS-UX2CCS36C6/I5,GW1NS,GW1NS-2C,WLCSP36,UX,C6/I5,6,30,1728,1296,4608bit,72Kb,,,1,
gw1ns2c-033,GW1NS-UX2CLQ144ES,GW1NS,GW1NS-2C,LQFP144,UX,ES,5,96,1512,1080,4608bit,72Kb,,,1,
gw1ns2c-035,GW1NS-LX2CQN32ES,GW1NS,GW1NS-2C,QFN32,LX,ES,5,25,1512,1080,4608bit,72Kb,,,1,
gw1ns2c-036,GW1NS-UX2CQN32ES,GW1NS,GW1NS-2C,QFN32,UX,ES,5,25,1512,1080,4608bit,72Kb,,,1,
gw1ns2c-037,GW1NS-LX2CQN48ES,GW1NS,GW1NS-2C,QFN48,LX,ES,5,39,1512,1080,4608bit,72Kb,,,1,
gw1ns2c-038,GW1NS-UX2CQN48ES,GW1NS,GW1NS-2C,QFN48,UX,ES,5,39,1512,1080,4608bit,72Kb,,,1,
gw1ns2c-039,GW1NS-LX2CLQ144ES,GW1NS,GW1NS-2C,LQFP144,LX,ES,5,96,1512,1080,4608bit,72Kb,,,1,
gw1ns2c-040,GW1NS-LX2CQN32UES,GW1NS,GW1NS-2C,QFN32U,LX,ES,5,16,1512,1080,4608bit,72Kb,,,1,
gw1ns2c-041,GW1NS-UX2CQN32UES,GW1NS,GW1NS-2C,QFN32U,UX,ES,5,16,1512,1080,4608bit,72Kb,,,1,
gw1ns2c-042,GW1NS-LX2CCS36ES,GW1NS,GW1NS-2C,WLCSP36,LX,ES,5,30,1512,1080,4608bit,72Kb,,,1,
gw1ns2c-043,GW1NS-UX2CCS36ES,GW1NS,GW1NS-2C,WLCSP36,UX,ES,5,30,1512,1080,4608bit,72Kb,,,1,
gw1ns2-000,GW1NS-LX2QN32C6/I5,GW1NS,GW1NS-2,QFN32,LX,C6/I5,6,25,1728,1296,4608bit,72Kb,1024Kb,,1,
gw1ns2-001,GW1NS-LX2CS36C5/I4,GW1NS,GW1NS-2,WLCSP36,LX,C5/I4,5,30,1728,1296,4608bit,72Kb,1024Kb,,1,
gw1ns2-002,GW1NS-LX2QN48C6/I5,GW1NS,GW1NS-2,QFN48,LX,C6/I5,6,39,1728,1296,4608bit,72Kb,1024Kb,,1,
gw1ns2-003,GW1NS-LX2QN32UC5/I4,GW1NS,GW1NS-2,QFN32U,LX,C5/I4,5,16,1728,1296,4608bit,72Kb,1024Kb,,1,
gw1ns2-004,GW1NS-LX2LQ144C5/I4,GW1NS,GW1NS-2,LQFP144,LX,C5/I4,5,96,1728,1296,4608bit,72Kb,1024Kb,,1,
gw1ns2-005,GW1NS-UX2QN32C6/I5,GW1NS,GW1NS-2,QFN32,UX,C6/I5,6,25,1728,1296,4608bit,72Kb,1024Kb,,1,
gw1ns2-006,GW1NS-UX2CS36C5/I4,GW1NS,GW1NS-2,WLCSP36,UX,C5/I4,5,30,1728,1296,4608bit,72Kb,1024Kb,,1,
gw1ns2-007,GW1NS-UX2QN48C6/I5,GW1NS,GW1NS-2,QFN48,UX,C6/I5,6,39,1728,1296,4608bit,72Kb,1024Kb,,1,
gw1ns2-008,GW1NS-UX2QN32UC5/I4,GW1NS,GW1NS-2,QFN32U,UX,C5/I4,5,16,1728,1296,4608bit,72Kb,1024Kb,,1,
gw1ns2-009,GW1NS-UX2LQ144C5/I4,GW1NS,GW1NS-2,LQFP144,UX,C5/I4,5,96,1728,1296,4608bit,72Kb,1024Kb,,1,
gw1ns2-010,GW1NS-LX2QN32UC6/I5,GW1NS,GW1NS-2,QFN32U,LX,C6/I5,6,16,1728,1296,4608bit,72Kb,1024Kb,,1,
gw1ns2-011,GW1NS-LX2CS36C6/I5,GW1NS,GW1NS-2,WLCSP36,LX,C6/I5,6,30,1728,1296,4608bit,72Kb,1024Kb,,1,
gw1ns2-012,GW1NS-LX2QN32C5/I4,GW1NS,GW1NS-2,QFN32,LX,C5/I4,5,25,1728,1296,4608bit,72Kb,1024Kb,,1,
gw1ns2-013,GW1NS-LX2QN48C5/I4,GW1NS,GW1NS-2,QFN48,LX,C5/I4,5,39,1728,1296,4608bit,72Kb,1024Kb,,1,
gw1ns2-014,GW1NS-LX2LQ144C6/I5,GW1NS,GW1NS-2,LQFP144,LX,C6/I5,6,96,1728,1296,4608bit,72Kb,1024Kb,,1,
gw1ns2-015,GW1NS-UX2QN32C5/I4,GW1NS,GW1NS-2,QFN32,UX,C5/I4,5,25,1728,1296,4608bit,72Kb,1024Kb,,1,
gw1ns2-016,GW1NS-UX2CS36C6/I5,GW1NS,GW1NS-2,WLCSP36,UX,C6/I5,6,30,1728,1296,4608bit,72Kb,1024Kb,,1,
gw1ns2-017,GW1NS-UX2QN48C5/I4,GW1NS,GW1NS-2,QFN48,UX,C5/I4,5,39,1728,1296,4608bit,72Kb,1024Kb,,1,
gw1ns2-018,GW1NS-UX2QN32UC6/I5,GW1NS,GW1NS-2,QFN32U,UX,C6/I5,6,16,1728,1296,4608bit,72Kb,1024Kb,,1,
gw1ns2-019,GW1NS-UX2LQ144C6/I5,GW1NS,GW1NS-2,LQFP144,UX,C6/I5,6,96,1728,1296,4608bit,72Kb,1024Kb,,1,
gw1ns2-020,GW1NS-UX2LQ144ES,GW1NS,GW1NS-2,LQFP144,UX,ES,5,96,1512,1080,4608bit,72Kb,1024Kb,,1,
gw1ns2-021,GW1NS-LX2QN32ES,GW1NS,GW1NS-2,QFN32,LX,ES,5,25,1512,1080,4608bit,72Kb,1024Kb,,1,
gw1ns2-022,GW1NS-UX2QN32ES,GW1NS,GW1NS-2,QFN32,UX,ES,5,25,1512,1080,4608bit,72Kb,1024Kb,,1,
gw1ns2-023,GW1NS-LX2QN48ES,GW1NS,GW1NS-2,QFN48,LX,ES,5,39,1512,1080,4608bit,72Kb,1024Kb,,1,
gw1ns2-024,GW1NS-UX2QN48ES,GW1NS,GW1NS-2,QFN48,UX,ES,5,39,1512,1080,4608bit,72Kb,1024Kb,,1,
gw1ns2-025,GW1NS-LX2LQ144ES,GW1NS,GW1NS-2,LQFP144,LX,ES,5,96,1512,1080,4608bit,72Kb,1024Kb,,1,
gw1ns2-026,GW1NS-LX2QN32UES,GW1NS,GW1NS-2,QFN32U,LX,ES,5,16,1512,1080,4608bit,72Kb,1024Kb,,1,
gw1ns2-027,GW1NS-UX2QN32UES,GW1NS,GW1NS-2,QFN32U,UX,ES,5,16,1512,1080,4608bit,72Kb,1024Kb,,1,
gw1ns2-028,GW1NS-LX2CS36ES,GW1NS,GW1NS-2,WLCSP36,LX,ES,5,30,1512,1080,4608bit,72Kb,1024Kb,,1,
gw1ns2-029,GW1NS-UX2CS36ES,GW1NS,GW1NS-2,WLCSP36,UX,ES,5,30,1512,1080,4608bit,72Kb,1024Kb,,1,
gw1ns2-030,GW1NS-UX2CS36UC5/I4,GW1NS,GW1NS-2,WLCSP36U,UX,C5/I4,5,23,1512,1080,4608bit,72Kb,1024Kb,,1,
gw1nsr2c-000,GW1NSR-LX2CQN48PES,GW1NSR,GW1NSR-2C,QFN48P,LX,ES,5,39,1512,1080,4608bit,72Kb,,,1,
gw1nsr2c-001,GW1NSR-LX2CQN48PC6/I5,GW1NSR,GW1NSR-2C,QFN48P,LX,C6/I5,6,39,1728,1296,4608bit,72Kb,,,1,
gw1nsr2c-002,GW1NSR-LX2CQN48PC5/I4,GW1NSR,GW1NSR-2C,QFN48P,LX,C5/I4,5,39,1728,1296,4608bit,72Kb,,,1,
gw1nsr2c-003,GW1NSR-UX2CQN48PC6/I5,GW1NSR,GW1NSR-2C,QFN48P,UX,C6/I5,6,39,1728,1296,4608bit,72Kb,,,1,
gw1nsr2c-004,GW1NSR-UX2CQN48PC5/I4,GW1NSR,GW1NSR-2C,QFN48P,UX,C5/I4,5,39,1728,1296,4608bit,72Kb,,,1,
gw1nsr2c-005,GW1NSR-UX2CQN48PES,GW1NSR,GW1NSR-2C,QFN48P,UX,ES,5,39,1512,1080,4608bit,72Kb,,,1,
gw1nsr2-000,GW1NSR-LX2QN48PES,GW1NSR,GW1NSR-2,QFN48P,LX,ES,5,39,1512,1080,4608bit,72Kb,1024Kb,,1,
gw1nsr2-001,GW1NSR-LX2QN48PC6/I5,GW1NSR,GW1NSR-2,QFN48P,LX,C6/I5,6,39,1728,1296,4608bit,72Kb,1024Kb,,1,
gw1nsr2-002,GW1NSR-LX2QN48PC5/I4,GW1NSR,GW1NSR-2,QFN48P,LX,C5/I4,5,39,1728,1296,4608bit,72Kb,1024Kb,,1,
gw1nsr2-003,GW1NSR-UX2QN48PC6/I5,GW1NSR,GW1NSR-2,QFN48P,UX,C6/I5,6,39,1728,1296,4608bit,72Kb,1024Kb,,1,
gw1nsr2-004,GW1NSR-UX2QN48PC5/I4,GW1NSR,GW1NSR-2,QFN48P,UX,C5/I4,5,39,1728,1296,4608bit,72Kb,1024Kb,,1,
gw1nsr2-005,GW1NSR-UX2QN48PES,GW1NSR,GW1NSR-2,QFN48P,UX,ES,5,39,1512,1080,4608bit,72Kb,1024Kb,,1,
gw1nz1-006,GW1NZ-LV1FN32C6/I5,GW1NZ,GW1NZ-1,QFN32,LV,C6/I5,6,26,1152,864,4608bit,72Kb,64Kb,,1,
gw1nz1-008,GW1NZ-LV1CS16C6/I5,GW1NZ,GW1NZ-1,WLCSP16,LV,C6/I5,6,11,1152,864,4608bit,72Kb,64Kb,,1,
gw1nz1-009,GW1NZ-LV1FN32C5/I4,GW1NZ,GW1NZ-1,QFN32,LV,C5/I4,5,26,1152,864,4608bit,72Kb,64Kb,,1,
gw1nz1-010,GW1NZ-ZV1FN32I2,GW1NZ,GW1NZ-1,QFN32,ZV,I2,2,26,1152,864,4608bit,72Kb,64Kb,,1,
gw1nz1-011,GW1NZ-ZV1FN32I3,GW1NZ,GW1NZ-1,QFN32,ZV,I3,3,26,1152,864,4608bit,72Kb,64Kb,,1,
gw1nz1-012,GW1NZ-ZV1CS16I2,GW1NZ,GW1NZ-1,WLCSP16,ZV,I2,2,11,1152,864,4608bit,72Kb,64Kb,,1,
gw1nz1-013,GW1NZ-ZV1CS16I3,GW1NZ,GW1NZ-1,WLCSP16,ZV,I3,3,11,1152,864,4608bit,72Kb,64Kb,,1,
gw1nz1-014,GW1NZ-LV1QN48ES,GW1NZ,GW1NZ-1,QFN48,LV,ES,5,41,1152,864,4608bit,72Kb,64Kb,,1,
gw1nz1-015,GW1NZ-LV1QN48C6/I5,GW1NZ,GW1NZ-1,QFN48,LV,C6/I5,6,41,1152,864,4608bit,72Kb,64Kb,,1,
gw1nz1-016,GW1NZ-LV1QN48C5/I4,GW1NZ,GW1NZ-1,QFN48,LV,C5/I4,5,41,1152,864,4608bit,72Kb,64Kb,,1,
gw1nz1-017,GW1NZ-LV1FN32FC6/I5,GW1NZ,GW1NZ-1,QFN32F,LV,C6/I5,6,26,1152,864,4608bit,72Kb,64Kb,,1,
gw1nz1-018,GW1NZ-LV1FN32FC5/I4,GW1NZ,GW1NZ-1,QFN32F,LV,C5/I4,5,26,1152,864,4608bit,72Kb,64Kb,,1,
gw1nz1-019,GW1NZ-ZV1FN32FI2,GW1NZ,GW1NZ-1,QFN32F,ZV,I2,2,26,1152,864,4608bit,72Kb,64Kb,,1,
gw1nz1-020,GW1NZ-ZV1FN32FI3,GW1NZ,GW1NZ-1,QFN32F,ZV,I3,3,26,1152,864,4608bit,72Kb,64Kb,,1,
gw1nz1-021,GW1NZ-ZV1FN32FES,GW1NZ,GW1NZ-1,QFN32F,ZV,ES,2,26,1152,864,4608bit,72Kb,64Kb,,1,
gw1nz1-022,GW1NZ-ZV1QN48I2,GW1NZ,GW1NZ-1,QFN48,ZV,I2,2,41,1152,864,4608bit,72Kb,64Kb,,1,
gw1nz1-023,GW1NZ-ZV1QN48I3,GW1NZ,GW1NZ-1,QFN48,ZV,I3,3,41,1152,864,4608bit,72Kb,64Kb,,1,
gw1nz1c-000,GW1NZ-LV1QN48A3,GW1NZ,GW1NZ-1C,QFN48,LV,A3,3,41,1152,864,4608bit,72Kb,64Kb,,1,
gw1n1s-000,GW1N-LV1SFN32C6/I5,GW1N,GW1N-1S,QFN32,LV,C6/I5,6,26,1152,864,,72Kb,96Kb,,1,
gw1n1s-001,GW1N-LV1SCS30C6/I5,GW1N,GW1N-1S,WLCSP30,LV,C6/I5,6,24,1152,864,,72Kb,96Kb,,1,
gw1nse2c-000,GW1NSE-LX2CQN48C6/I5,GW1NSE,GW1NSE-2C,QFN48,LX,C6/I5,6,39,1728,1296,4608bit,72Kb,,,1,
gw1nse2c-001,GW1NSE-LX2CLQ144C6/I5,GW1NSE,GW1NSE-2C,LQFP144,LX,C6/I5,6,91,1728,1296,4608bit,72Kb,,,1,
gw1nse2c-002,GW1NSE-LX2CQN48ES,GW1NSE,GW1NSE-2C,QFN48,LX,ES,5,39,1512,1296,4608bit,72Kb,,,1,
gw1nse2c-003,GW1NSE-LX2CLQ144ES,GW1NSE,GW1NSE-2C,LQFP144,LX,ES,5,91,1512,1296,4608bit,72Kb,,,1,
gw1nse2c-004,GW1NSE-UX2CQN48C6/I5,GW1NSE,GW1NSE-2C,QFN48,UX,C6/I5,6,39,1728,1296,4608bit,72Kb,,,1,
gw1nse2c-005,GW1NSE-UX2CLQ144C6/I5,GW1NSE,GW1NSE-2C,LQFP144,UX,C6/I5,6,91,1728,1296,4608bit,72Kb,,,1,
gw1nse2c-006,GW1NSE-UX2CQN48ES,GW1NSE,GW1NSE-2C,QFN48,UX,ES,5,39,1512,1080,4608bit,72Kb,,,1,
gw1nse2c-007,GW1NSE-UX2CLQ144ES,GW1NSE,GW1NSE-2C,LQFP144,UX,ES,5,91,1512,1080,4608bit,72Kb,,,1,
gw1nse2c-008,GW1NSE-LX2CLQ144C5/I4,GW1NSE,GW1NSE-2C,LQFP144,LX,C5/I4,5,91,1728,1296,4608bit,72Kb,,,1,
gw1nse2c-009,GW1NSE-UX2CLQ144C5/I4,GW1NSE,GW1NSE-2C,LQFP144,UX,C5/I4,5,91,1728,1296,4608bit,72Kb,,,1,
gw1ns4-001,GW1NS-LV4QN48C6/I5,GW1NS,GW1NS-4,QFN48,LV,C6/I5,6,39,4608,3456,,180Kb,256Kb,16,2,
gw1ns4-002,GW1NS-LV4QN48C5/I4,GW1NS,GW1NS-4,QFN48,LV,C5/I4,5,39,4608,3456,,180Kb,256Kb,16,2,
gw1ns4-003,GW1NS-LV4CS49C6/I5,GW1NS,GW1NS-4,WLCSP49,LV,C6/I5,6,42,4608,3456,,180Kb,256Kb,16,2,
gw1ns4-004,GW1NS-LV4CS49C5/I4,GW1NS,GW1NS-4,WLCSP49,LV,C5/I4,5,42,4608,3456,,180Kb,256Kb,16,2,
gw1ns4-007,GW1NS-LV4QN48C7/I6,GW1NS,GW1NS-4,QFN48,LV,C7/I6,7,39,4608,3456,,180Kb,256Kb,16,2,
gw1ns4-008,GW1NS-LV4CS49C7/I6,GW1NS,GW1NS-4,WLCSP49,LV,C7/I6,7,42,4608,3456,,180Kb,256Kb,16,2,
gw1ns4-009,GW1NS-LV4MG64C7/I6,GW1NS,GW1NS-4,MBGA64,LV,C7/I6,7,56,4608,3456,,180Kb,256Kb,16,2,
gw1ns4-010,GW1NS-LV4MG64C6/I5,GW1NS,GW1NS-4,MBGA64,LV,C6/I5,6,56,4608,3456,,180Kb,256Kb,16,2,
gw1ns4-011,GW1NS-LV4MG64C5/I4,GW1NS,GW1NS-4,MBGA64,LV,C5/I4,5,56,4608,3456,,180Kb,256Kb,16,2,
gw1nsr4-002,GW1NSR-LV4MG64PC6/I5,GW1NSR,GW1NSR-4,MBGA64P,LV,C6/I5,6,56,4608,3456,,180Kb,256Kb,16,2,
gw1nsr4-005,GW1NSR-LV4MG64PC5/I4,GW1NSR,GW1NSR-4,MBGA64P,LV,C5/I4,5,56,4608,3456,,180Kb,256Kb,16,2,
gw1nsr4-006,GW1NSR-LV4MG64PC7/I6,GW1NSR,GW1NSR-4,MBGA64P,LV,C7/I6,7,56,4608,3456,,180Kb,256Kb,16,2,
gw1nser4c-000,GW1NSER-LV4CQN48PC6/I5,GW1NSER,GW1NSER-4C,QFN48P,LV,C6/I5,6,39,4608,3456,,180Kb,,16,2,
gw1nser4c-001,GW1NSER-LV4CQN48GC6/I5,GW1NSER,GW1NSER-4C,QFN48G,LV,C6/I5,6,39,4608,3456,,180Kb,,16,2,
gw1nser4c-002,GW1NSER-LV4CQN48PC5/I4,GW1NSER,GW1NSER-4C,QFN48P,LV,C5/I4,5,39,4608,3456,,180Kb,,16,2,
gw1nser4c-003,GW1NSER-LV4CQN48GC5/I4,GW1NSER,GW1NSER-4C,QFN48G,LV,C5/I4,5,39,4608,3456,,180Kb,,16,2,
gw1nser4c-006,GW1NSER-LV4CQN48PC7/I6,GW1NSER,GW1NSER-4C,QFN48P,LV,C7/I6,7,39,4608,3456,,180Kb,,16,2,
gw1nser4c-007,GW1NSER-LV4CQN48GC7/I6,GW1NSER,GW1NSER-4C,QFN48G,LV,C7/I6,7,39,4608,3456,,180Kb,,16,2,
gw1nrf4b-000,GW1NRF-UV4BQN48C6/I5,GW1NRF,GW1NRF-4B,QFN48,UV,C6/I5,6,26,4608,3456,,180Kb,256Kb,16,2,
gw1nrf4b-001,GW1NRF-LV4BQN48C6/I5,GW1NRF,GW1NRF-4B,QFN48,LV,C6/I5,6,26,4608,3456,,180Kb,256Kb,16,2,
gw1nrf4b-002,GW1NRF-LV4BQN48C5/I4,GW1NRF,GW1NRF-4B,QFN48,LV,C5/I4,5,26,4608,3456,,180Kb,256Kb,16,2,
gw1nrf4b-003,GW1NRF-UV4BQN48C5/I4,GW1NRF,GW1NRF-4B,QFN48,UV,C5/I4,5,26,4608,3456,,180Kb,256Kb,16,2,
gw1nrf4b-004,GW1NRF-LV4BQN48EC6/I5,GW1NRF,GW1NRF-4B,QFN48E,LV,C6/I5,6,26,4608,3456,,180Kb,256Kb,16,2,
gw1nrf4b-005,GW1NRF-LV4BQN48EC5/I4,GW1NRF,GW1NRF-4B,QFN48E,LV,C5/I4,5,26,4608,3456,,180Kb,256Kb,16,2,
gw1nsr4c-000,GW1NSR-LV4CQN48PC6/I5,GW1NSR,GW1NSR-4C,QFN48P,LV,C6/I5,6,39,4608,3456,,180Kb,,16,2,
gw1nsr4c-001,GW1NSR-LV4CQN48GC6/I5,GW1NSR,GW1NSR-4C,QFN48G,LV,C6/I5,6,39,4608,3456,,180Kb,,16,2,
gw1nsr4c-002,GW1NSR-LV4CMG64PC6/I5,GW1NSR,GW1NSR-4C,MBGA64P,LV,C6/I5,6,56,4608,3456,,180Kb,,16,2,
gw1nsr4c-003,GW1NSR-LV4CQN48PC5/I4,GW1NSR,GW1NSR-4C,QFN48P,LV,C5/I4,5,39,4608,3456,,180Kb,,16,2,
gw1nsr4c-004,GW1NSR-LV4CQN48GC5/I4,GW1NSR,GW1NSR-4C,QFN48G,LV,C5/I4,5,39,4608,3456,,180Kb,,16,2,
gw1nsr4c-005,GW1NSR-LV4CMG64PC5/I4,GW1NSR,GW1NSR-4C,MBGA64P,LV,C5/I4,5,56,4608,3456,,180Kb,,16,2,
gw1nsr4c-009,GW1NSR-LV4CQN48PC7/I6,GW1NSR,GW1NSR-4C,QFN48P,LV,C7/I6,7,39,4608,3456,,180Kb,,16,2,
gw1nsr4c-010,GW1NSR-LV4CQN48GC7/I6,GW1NSR,GW1NSR-4C,QFN48G,LV,C7/I6,7,39,4608,3456,,180Kb,,16,2,
gw1nsr4c-011,GW1NSR-LV4CMG64PC7/I6,GW1NSR,GW1NSR-4C,MBGA64P,LV,C7/I6,7,56,4608,3456,,180Kb,,16,2,
gw2a55c-000,GW2A-LV55UG324C9/I8,GW2A,GW2A-55C,UBGA324,LV,C9/I8,9,239,54720,41040,109440bit,2520Kb,,40,6,
gw2a55c-001,GW2A-LV55UG324C8/I7,GW2A,GW2A-55C,UBGA324,LV,C8/I7,8,239,54720,41040,109440bit,2520Kb,,40,6,
gw2a55c-002,GW2A-LV55UG324C7/I6,GW2A,GW2A-55C,UBGA324,LV,C7/I6,7,239,54720,41040,109440bit,2520Kb,,40,6,
gw2a55c-003,GW2A-LV55UG324DC8/I7,GW2A,GW2A-55C,UBGA324D,LV,C8/I7,8,239,54720,41040,109440bit,2520Kb,,40,6,
gw2a55c-004,GW2A-LV55PG484C9/I8,GW2A,GW2A-55C,PBGA484,LV,C9/I8,9,319,54720,41040,109440bit,2520Kb,,40,6,
gw2a55c-005,GW2A-LV55PG484C8/I7,GW2A,GW2A-55C,PBGA484,LV,C8/I7,8,319,54720,41040,109440bit,2520Kb,,40,6,
gw2a55c-006,GW2A-LV55PG484C7/I6,GW2A,GW2A-55C,PBGA484,LV,C7/I6,7,319,54720,41040,109440bit,2520Kb,,40,6,
gw2a55c-007,GW2A-LV55PG484A6,GW2A,GW2A-55C,PBGA484,LV,A6,6,319,54720,41040,109440bit,2520Kb,,40,6,
gw2a55c-008,GW2A-LV55PG1156C8/I7,GW2A,GW2A-55C,PBGA1156,LV,C8/I7,8,607,54720,41040,109440bit,2520Kb,,40,6,
gw2a55c-009,GW2A-LV55PG1156C7/I6,GW2A,GW2A-55C,PBGA1156,LV,C7/I6,7,607,54720,41040,109440bit,2520Kb,,40,6,
gw2a55c-010,GW2A-LV55UG676C9/I8,GW2A,GW2A-55C,UBGA676,LV,C9/I8,9,525,54720,41040,109440bit,2520Kb,,40,6,
gw2a55c-011,GW2A-LV55UG676C8/I7,GW2A,GW2A-55C,UBGA676,LV,C8/I7,8,525,54720,41040,109440bit,2520Kb,,40,6,
gw2a55c-012,GW2A-LV55UG676C7/I6,GW2A,GW2A-55C,UBGA676,LV,C7/I6,7,525,54720,41040,109440bit,2520Kb,,40,6,
gw2a55c-013,GW2A-LV55UG676ES,GW2A,GW2A-55C,UBGA676,LV,ES,7,525,54720,41040,109440bit,2520Kb,,40,6,
gw2a55c-014,GW2A-LV55UG324DC9/I8,GW2A,GW2A-55C,UBGA324D,LV,C9/I8,9,239,54720,41040,109440bit,2520Kb,,40,6,
gw2a55c-015,GW2A-LV55UG324DC7/I6,GW2A,GW2A-55C,UBGA324D,LV,C7/I6,7,239,54720,41040,109440bit,2520Kb,,40,6,
gw1ns4c-000,GW1NS-LV4CQN48C6/I5,GW1NS,GW1NS-4C,QFN48,LV,C6/I5,6,39,4608,3456,,180Kb,,16,2,
gw1ns4c-001,GW1NS-LV4CQN48C5/I4,GW1NS,GW1NS-4C,QFN48,LV,C5/I4,5,39,4608,3456,,180Kb,,16,2,
gw1ns4c-002,GW1NS-LV4CQN48ES,GW1NS,GW1NS-4C,QFN48,LV,ES,5,39,4608,3456,,180Kb,,16,2,
gw1ns4c-003,GW1NS-LV4CCS49C6/I5,GW1NS,GW1NS-4C,WLCSP49,LV,C6/I5,6,42,4608,3456,,180Kb,,16,2,
gw1ns4c-004,GW1NS-LV4CCS49C5/I4,GW1NS,GW1NS-4C,WLCSP49,LV,C5/I4,5,42,4608,3456,,180Kb,,16,2,
gw1ns4c-007,GW1NS-LV4CQN48C7/I6,GW1NS,GW1NS-4C,QFN48,LV,C7/I6,7,39,4608,3456,,180Kb,,16,2,
gw1ns4c-008,GW1NS-LV4CCS49C7/I6,GW1NS,GW1NS-4C,WLCSP49,LV,C7/I6,7,42,4608,3456,,180Kb,,16,2,
gw1ns4c-009,GW1NS-LV4CMG64C7/I6,GW1NS,GW1NS-4C,MBGA64,LV,C7/I6,7,56,4608,3456,,180Kb,,16,2,
gw1ns4c-010,GW1NS-LV4CMG64C6/I5,GW1NS,GW1NS-4C,MBGA64,LV,C6/I5,6,56,4608,3456,,180Kb,,16,2,
gw1ns4c-011,GW1NS-LV4CMG64C5/I4,GW1NS,GW1NS-4C,MBGA64,LV,C5/I4,5,56,4608,3456,,180Kb,,16,2,
gw2a18c-000,GW2A-LV18QN88A6,GW2A,GW2A-18C,QFN88,LV,A6,6,66,20736,15552,41472bit,828Kb,,48,2,
gw2a18c-001,GW2A-LV18QN88C8/I7,GW2A,GW2A-18C,QFN88,LV,C8/I7,8,66,20736,15552,41472bit,828Kb,,48,2,
gw2a18c-002,GW2A-LV18QN88C7/I6,GW2A,GW2A-18C,QFN88,LV,C7/I6,7,66,20736,15552,41472bit,828Kb,,48,2,
gw2a18c-003,GW2A-LV18LQ144C8/I7,GW2A,GW2A-18C,LQFP144,LV,C8/I7,8,119,20736,15552,41472bit,828Kb,,48,4,
gw2a18c-004,GW2A-LV18LQ144C7/I6,GW2A,GW2A-18C,LQFP144,LV,C7/I6,7,119,20736,15552,41472bit,828Kb,,48,4,
gw2a18c-005,GW2A-LV18EQ144C8/I7,GW2A,GW2A-18C,eLQFP144,LV,C8/I7,8,119,20736,15552,41472bit,828Kb,,48,4,
gw2a18c-006,GW2A-LV18EQ144C7/I6,GW2A,GW2A-18C,eLQFP144,LV,C7/I6,7,119,20736,15552,41472bit,828Kb,,48,4,
gw2a18c-007,GW2A-LV18MG196C8/I7,GW2A,GW2A-18C,MBGA196,LV,C8/I7,8,114,20736,15552,41472bit,828Kb,,48,4,
gw2a18c-008,GW2A-LV18MG196C7/I6,GW2A,GW2A-18C,MBGA196,LV,C7/I6,7,114,20736,15552,41472bit,828Kb,,48,4,
gw2a18c-009,GW2A-LV18PG256SC8/I7,GW2A,GW2A-18C,PBGA256S,LV,C8/I7,8,192,20736,15552,41472bit,828Kb,,48,4,
gw2a18c-010,GW2A-LV18PG256SC7/I6,GW2A,GW2A-18C,PBGA256S,LV,C7/I6,7,192,20736,15552,41472bit,828Kb,,48,4,
gw2a18c-011,GW2A-LV18PG256C8/I7,GW2A,GW2A-18C,PBGA256,LV,C8/I7,8,207,20736,15552,41472bit,828Kb,,48,4,
gw2a18c-012,GW2A-LV18PG256C7/I6,GW2A,GW2A-18C,PBGA256,LV,C7/I6,7,207,20736,15552,41472bit,828Kb,,48,4,
gw2a18c-013,GW2A-LV18PG256C9/I8,GW2A,GW2A-18C,PBGA256,LV,C9/I8,9,207,20736,15552,41472bit,828Kb,,48,4,
gw2a18c-014,GW2A-LV18PG256CC8/I7,GW2A,GW2A-18C,PBGA256C,LV,C8/I7,8,190,20736,15552,41472bit,828Kb,,48,4,
gw2a18c-015,GW2A-LV18PG256CC7/I6,GW2A,GW2A-18C,PBGA256C,LV,C7/I6,7,190,20736,15552,41472bit,828Kb,,48,4,
gw2a18c-016,GW2A-LV18PG256EC8/I7,GW2A,GW2A-18C,PBGA256E,LV,C8/I7,8,162,20736,15552,41472bit,828Kb,,48,4,
gw2a18c-017,GW2A-LV18UG324C8/I7,GW2A,GW2A-18C,UBGA324,LV,C8/I7,8,239,20736,15552,41472bit,828Kb,,48,4,
gw2a18c-018,GW2A-LV18UG324C7/I6,GW2A,GW2A-18C,UBGA324,LV,C7/I6,7,239,20736,15552,41472bit,828Kb,,48,4,
gw2a18c-019,GW2A-LV18PG484A6,GW2A,GW2A-18C,PBGA484,LV,A6,6,319,20736,15552,41472bit,828Kb,,48,4,
gw2a18c-020,GW2A-LV18PG484C9/I8,GW2A,GW2A-18C,PBGA484,LV,C9/I8,9,319,20736,15552,41472bit,828Kb,,48,4,
gw2a18c-021,GW2A-LV18PG484C8/I7,GW2A,GW2A-18C,PBGA484,LV,C8/I7,8,319,20736,15552,41472bit,828Kb,,48,4,
gw2a18c-022,GW2A-LV18PG484C7/I6,GW2A,GW2A-18C,PBGA484,LV,C7/I6,7,319,20736,15552,41472bit,828Kb,,48,4,
gw2a18c-023,GW2A-LV18PG256A6,GW2A,GW2A-18C,PBGA256,LV,A6,6,207,20736,15552,41472bit,828Kb,,48,4,
gw2ar18c-000,GW2AR-LV18QN88C8/I7,GW2AR,GW2AR-18C,QFN88,LV,C8/I7,8,66,20736,15552,41472bit,828Kb,,48,2,
gw2ar18c-001,GW2AR-LV18QN88C7/I6,GW2AR,GW2AR-18C,QFN88,LV,C7/I6,7,66,20736,15552,41472bit,828Kb,,48,2,
gw2ar18c-002,GW2AR-LV18LQ144C8/I7,GW2AR,GW2AR-18C,LQFP144,LV,C8/I7,8,120,20736,15552,41472bit,828Kb,,48,4,
gw2ar18c-003,GW2AR-LV18LQ144C7/I6,GW2AR,GW2AR-18C,LQFP144,LV,C7/I6,7,120,20736,15552,41472bit,828Kb,,48,4,
gw2ar18c-004,GW2AR-LV18EQ144C8/I7,GW2AR,GW2AR-18C,eLQFP144,LV,C8/I7,8,120,20736,15552,41472bit,828Kb,,48,4,
gw2ar18c-005,GW2AR-LV18EQ144C7/I6,GW2AR,GW2AR-18C,eLQFP144,LV,C7/I6,7,120,20736,15552,41472bit,828Kb,,48,4,
gw2ar18c-006,GW2AR-LV18LQ176C9/I8,GW2AR,GW2AR-18C,LQFP176,LV,C9/I8,9,140,20736,15552,41472bit,828Kb,,48,3,
gw2ar18c-007,GW2AR-LV18LQ176C8/I7,GW2AR,GW2AR-18C,LQFP176,LV,C8/I7,8,140,20736,15552,41472bit,828Kb,,48,3,
gw2ar18c-008,GW2AR-LV18LQ176C7/I6,GW2AR,GW2AR-18C,LQFP176,LV,C7/I6,7,140,20736,15552,41472bit,828Kb,,48,3,
gw2ar18c-009,GW2AR-LV18EQ176C8/I7,GW2AR,GW2AR-18C,eLQFP176,LV,C8/I7,8,140,20736,15552,41472bit,828Kb,,48,3,
gw2ar18c-010,GW2AR-LV18EQ176C7/I6,GW2AR,GW2AR-18C,eLQFP176,LV,C7/I6,7,140,20736,15552,41472bit,828Kb,,48,3,
gw2ar18c-011,GW2AR-LV18QN88PC8/I7,GW2AR,GW2AR-18C,QFN88P,LV,C8/I7,8,66,20736,15552,41472bit,828Kb,,48,2,
gw2ar18c-012,GW2AR-LV18QN88PC7/I6,GW2AR,GW2AR-18C,QFN88P,LV,C7/I6,7,66,20736,15552,41472bit,828Kb,,48,2,
gw2ar18c-013,GW2AR-LV18EQ144PC9/I8,GW2AR,GW2AR-18C,eLQFP144P,LV,C9/I8,9,120,20736,15552,41472bit,828Kb,,48,4,
gw2ar18c-014,GW2AR-LV18EQ144PC8/I7,GW2AR,GW2AR-18C,eLQFP144P,LV,C8/I7,8,120,20736,15552,41472bit,828Kb,,48,4,
gw2ar18c-015,GW2AR-LV18EQ144PC7/I6,GW2AR,GW2AR-18C,eLQFP144P,LV,C7/I6,7,120,20736,15552,41472bit,828Kb,,48,4,
gw2ar18c-016,GW2AR-LV18QN88PFC9/I8,GW2AR,GW2AR-18C,QFN88PF,LV,C9/I8,9,66,20736,15552,41472bit,828Kb,,48,2,
gw2ar18c-017,GW2AR-LV18QN88PFC8/I7,GW2AR,GW2AR-18C,QFN88PF,LV,C8/I7,8,66,20736,15552,41472bit,828Kb,,48,2,
gw2ar18c-018,GW2AR-LV18QN88PFC7/I6,GW2AR,GW2AR-18C,QFN88PF,LV,C7/I6,7,66,20736,15552,41472bit,828Kb,,48,2,
gw2ar18c-019,GW2AR-LV18EQ144PFC9/I8,GW2AR,GW2AR-18C,eLQFP144PF,LV,C9/I8,9,120,20736,15552,41472bit,828Kb,,48,4,
gw2ar18c-020,GW2AR-LV18EQ144PFC8/I7,GW2AR,GW2AR-18C,eLQFP144PF,LV,C8/I7,8,120,20736,15552,41472bit,828Kb,,48,4,
gw2ar18c-021,GW2AR-LV18EQ144PFC7/I6,GW2AR,GW2AR-18C,eLQFP144PF,LV,C7/I6,7,120,20736,15552,41472bit,828Kb,,48,4,
gw2anr18c-000,GW2ANR-LV18QN88C9/I8,GW2ANR,GW2ANR-18C,QFN88,LV,C9/I8,9,66,20736,15552,41472bit,828Kb,,48,2,
gw2anr18c-001,GW2ANR-LV18QN88C8/I7,GW2ANR,GW2ANR-18C,QFN88,LV,C8/I7,8,66,20736,15552,41472bit,828Kb,,48,2,
gw2anr18c-002,GW2ANR-LV18QN88C7/I6,GW2ANR,GW2ANR-18C,QFN88,LV,C7/I6,7,66,20736,15552,41472bit,828Kb,,48,2,
gw2anr18c-003,GW2ANR-LV18QN88ES,GW2ANR,GW2ANR-18C,QFN88,LV,ES,7,66,20736,15552,41472bit,828Kb,,48,2,
gw2an55c-000,GW2AN-LV55UG676C9/I8,GW2AN,GW2AN-55C,UBGA676,LV,C9/I8,9,521,54720,41040,109440bit,2520Kb,,40,6,
gw2an55c-001,GW2AN-LV55UG676C8/I7,GW2AN,GW2AN-55C,UBGA676,LV,C8/I7,8,521,54720,41040,109440bit,2520Kb,,40,6,
gw2an55c-002,GW2AN-LV55UG676C7/I6,GW2AN,GW2AN-55C,UBGA676,LV,C7/I6,7,521,54720,41040,109440bit,2520Kb,,40,6,
gw2an18x-000,GW2AN-LV18XUG400C8/I7,GW2AN,GW2AN-18X,UBGA400,LV,C8/I7,8,335,20736,15552,41472bit,540Kb,,,2,UBGA400-LV
gw2an18x-001,GW2AN-LV18XUG400C7/I6,GW2AN,GW2AN-18X,UBGA400,LV,C7/I6,7,335,20736,15552,41472bit,540Kb,,,2,UBGA400-LV
gw2an18x-002,GW2AN-EV18XUG400C8/I7,GW2AN,GW2AN-18X,UBGA400,EV,C8/I7,8,335,20736,15552,41472bit,540Kb,,,2,UBGA400-EV
gw2an18x-003,GW2AN-EV18XUG400C7/I6,GW2AN,GW2AN-18X,UBGA400,EV,C7/I6,7,335,20736,15552,41472bit,540Kb,,,2,UBGA400-EV
gw2an18x-004,GW2AN-UV18XUG400C8/I7,GW2AN,GW2AN-18X,UBGA400,UV,C8/I7,8,335,20736,15552,41472bit,540Kb,,,2,UBGA400-UV
gw2an18x-005,GW2AN-UV18XUG400C7/I6,GW2AN,GW2AN-18X,UBGA400,UV,C7/I6,7,335,20736,15552,41472bit,540Kb,,,2,UBGA400-UV
gw2an18x-006,GW2AN-LV18XUG484C8/I7,GW2AN,GW2AN-18X,UBGA484,LV,C8/I7,8,383,20736,15552,41472bit,540Kb,,,2,UBGA484-LV
gw2an18x-007,GW2AN-LV18XUG484C7/I6,GW2AN,GW2AN-18X,UBGA484,LV,C7/I6,7,383,20736,15552,41472bit,540Kb,,,2,UBGA484-LV
gw2an18x-008,GW2AN-EV18XUG484C8/I7,GW2AN,GW2AN-18X,UBGA484,EV,C8/I7,8,383,20736,15552,41472bit,540Kb,,,2,UBGA484-EV
gw2an18x-009,GW2AN-EV18XUG484C7/I6,GW2AN,GW2AN-18X,UBGA484,EV,C7/I6,7,383,20736,15552,41472bit,540Kb,,,2,UBGA484-EV
gw2an18x-010,GW2AN-UV18XUG484C8/I7,GW2AN,GW2AN-18X,UBGA484,UV,C8/I7,8,383,20736,15552,41472bit,540Kb,,,2,UBGA484-UV
gw2an18x-011,GW2AN-UV18XUG484C7/I6,GW2AN,GW2AN-18X,UBGA484,UV,C7/I6,7,383,20736,15552,41472bit,540Kb,,,2,UBGA484-UV
gw2an18x-012,GW2AN-LV18XPG484C8/I7,GW2AN,GW2AN-18X,PBGA484,LV,C8/I7,8,381,20736,15552,41472bit,540Kb,,,2,PBGA484-LV
gw2an18x-013,GW2AN-LV18XPG484C7/I6,GW2AN,GW2AN-18X,PBGA484,LV,C7/I6,7,381,20736,15552,41472bit,540Kb,,,2,PBGA484-LV
gw2an18x-014,GW2AN-EV18XPG484C8/I7,GW2AN,GW2AN-18X,PBGA484,EV,C8/I7,8,381,20736,15552,41472bit,540Kb,,,2,PBGA484-EV
gw2an18x-015,GW2AN-EV18XPG484C7/I6,GW2AN,GW2AN-18X,PBGA484,EV,C7/I6,7,381,20736,15552,41472bit,540Kb,,,2,PBGA484-EV
gw2an18x-016,GW2AN-UV18XPG484C8/I7,GW2AN,GW2AN-18X,PBGA484,UV,C8/I7,8,381,20736,15552,41472bit,540Kb,,,2,PBGA484-UV
gw2an18x-017,GW2AN-UV18XPG484C7/I6,GW2AN,GW2AN-18X,PBGA484,UV,C7/I6,7,381,20736,15552,41472bit,540Kb,,,2,PBGA484-UV
gw2an18x-018,GW2AN-LV18XUG324C8/I7,GW2AN,GW2AN-18X,UBGA324,LV,C8/I7,8,279,20736,15552,41472bit,540Kb,,,2,UBGA324-LV
gw2an18x-019,GW2AN-LV18XUG324C7/I6,GW2AN,GW2AN-18X,UBGA324,LV,C7/I6,7,279,20736,15552,41472bit,540Kb,,,2,UBGA324-LV
gw2an18x-020,GW2AN-EV18XUG324C8/I7,GW2AN,GW2AN-18X,UBGA324,EV,C8/I7,8,279,20736,15552,41472bit,540Kb,,,2,UBGA324-EV
gw2an18x-021,GW2AN-EV18XUG324C7/I6,GW2AN,GW2AN-18X,UBGA324,EV,C7/I6,7,279,20736,15552,41472bit,540Kb,,,2,UBGA324-EV
gw2an18x-022,GW2AN-UV18XUG324C8/I7,GW2AN,GW2AN-18X,UBGA324,UV,C8/I7,8,279,20736,15552,41472bit,540Kb,,,2,UBGA324-UV
gw2an18x-023,GW2AN-UV18XUG324C7/I6,GW2AN,GW2AN-18X,UBGA324,UV,C7/I6,7,279,20736,15552,41472bit,540Kb,,,2,UBGA324-UV
gw2an18x-024,GW2AN-LV18XUG256C8/I7,GW2AN,GW2AN-18X,UBGA256,LV,C8/I7,8,207,20736,15552,41472bit,540Kb,,,2,UBGA256-LV
gw2an18x-025,GW2AN-LV18XUG256C7/I6,GW2AN,GW2AN-18X,UBGA256,LV,C7/I6,7,207,20736,15552,41472bit,540Kb,,,2,UBGA256-LV
gw2an18x-026,GW2AN-EV18XUG256C8/I7,GW2AN,GW2AN-18X,UBGA256,EV,C8/I7,8,207,20736,15552,41472bit,540Kb,,,2,UBGA256-EV
gw2an18x-027,GW2AN-EV18XUG256C7/I6,GW2AN,GW2AN-18X,UBGA256,EV,C7/I6,7,207,20736,15552,41472bit,540Kb,,,2,UBGA256-EV
gw2an18x-028,GW2AN-UV18XUG256C8/I7,GW2AN,GW2AN-18X,UBGA256,UV,C8/I7,8,207,20736,15552,41472bit,540Kb,,,2,UBGA256-UV
gw2an18x-029,GW2AN-UV18XUG256C7/I6,GW2AN,GW2AN-18X,UBGA256,UV,C7/I6,7,207,20736,15552,41472bit,540Kb,,,2,UBGA256-UV
gw2an18x-030,GW2AN-LV18XPG256C8/I7,GW2AN,GW2AN-18X,PBGA256,LV,C8/I7,8,207,20736,15552,41472bit,540Kb,,,2,PBGA256-LV
gw2an18x-031,GW2AN-LV18XPG256C7/I6,GW2AN,GW2AN-18X,PBGA256,LV,C7/I6,7,207,20736,15552,41472bit,540Kb,,,2,PBGA256-LV
gw2an18x-032,GW2AN-EV18XPG256C8/I7,GW2AN,GW2AN-18X,PBGA256,EV,C8/I7,8,207,20736,15552,41472bit,540Kb,,,2,PBGA256-EV
gw2an18x-033,GW2AN-EV18XPG256C7/I6,GW2AN,GW2AN-18X,PBGA256,EV,C7/I6,7,207,20736,15552,41472bit,540Kb,,,2,PBGA256-EV
gw2an18x-034,GW2AN-UV18XPG256C8/I7,GW2AN,GW2AN-18X,PBGA256,UV,C8/I7,8,207,20736,15552,41472bit,540Kb,,,2,PBGA256-UV
gw2an18x-035,GW2AN-UV18XPG256C7/I6,GW2AN,GW2AN-18X,PBGA256,UV,C7/I6,7,207,20736,15552,41472bit,540Kb,,,2,PBGA256-UV
gw2an18x-036,GW2AN-LV18XUG332C8/I7,GW2AN,GW2AN-18X,UBGA332,LV,C8/I7,8,279,20736,15552,41472bit,540Kb,,,2,UBGA332-LV
gw2an18x-037,GW2AN-LV18XUG332C7/I6,GW2AN,GW2AN-18X,UBGA332,LV,C7/I6,7,279,20736,15552,41472bit,540Kb,,,2,UBGA332-LV
gw2an18x-038,GW2AN-EV18XUG332C8/I7,GW2AN,GW2AN-18X,UBGA332,EV,C8/I7,8,279,20736,15552,41472bit,540Kb,,,2,UBGA332-EV
gw2an18x-039,GW2AN-EV18XUG332C7/I6,GW2AN,GW2AN-18X,UBGA332,EV,C7/I6,7,279,20736,15552,41472bit,540Kb,,,2,UBGA332-EV
gw2an18x-040,GW2AN-UV18XUG332C8/I7,GW2AN,GW2AN-18X,UBGA332,UV,C8/I7,8,279,20736,15552,41472bit,540Kb,,,2,UBGA332-UV
gw2an18x-041,GW2AN-UV18XUG332C7/I6,GW2AN,GW2AN-18X,UBGA332,UV,C7/I6,7,279,20736,15552,41472bit,540Kb,,,2,UBGA332-UV
gw1n1p5-000,GW1N-LV1P5LQ100XC7/I6,GW1N,GW1N-1P5,LQFP100X,LV,C7/I6,7,80,1584,1584,12672bit,72Kb,256Kb,,1,LQFP100X-LV
gw1n1p5-001,GW1N-LV1P5LQ100XC6/I5,GW1N,GW1N-1P5,LQFP100X,LV,C6/I5,6,80,1584,1584,12672bit,72Kb,256Kb,,1,LQFP100X-LV
gw1n1p5-002,GW1N-UV1P5LQ100XC7/I6,GW1N,GW1N-1P5,LQFP100X,UV,C7/I6,7,80,1584,1584,12672bit,72Kb,256Kb,,1,LQFP100X-UV
gw1n1p5-003,GW1N-UV1P5LQ100XC6/I5,GW1N,GW1N-1P5,LQFP100X,UV,C6/I5,6,80,1584,1584,12672bit,72Kb,256Kb,,1,LQFP100X-UV
